Group_ID,Group_Name,x,y
0,Diatoms,11.078,70.13323557142795
0,Diatoms,22.157,17.534891571428574
0,Diatoms,775.2,83975.55571428571
0,Diatoms,108.8,165.14285714285714
0,Diatoms,153.0,279.0914285714286
0,Diatoms,544.0,165.14285714285714
0,Diatoms,19.72,171.81462857142856
0,Diatoms,19.08,3.9675571428571472
0,Diatoms,13.16,303.0748
0,Diatoms,348.74,16087.705199999999
0,Diatoms,236.88,7361.9343
0,Diatoms,88.83,3131.2575
0,Diatoms,421.12,15773.806300000002
0,Diatoms,26.32,22266.72
0,Diatoms,10.87,11.290299999999998
0,Diatoms,17.13,253.9236571428571
0,Diatoms,13.17,15581.6668
0,Diatoms,66.47,405.84142857142854
0,Diatoms,27.67,74.45841428571428
0,Diatoms,132.94,2233.2144142857146
0,Diatoms,343.43,15779.503214285718
0,Diatoms,191.03,4859.730514285714
0,Diatoms,22.16,4073.8681285714288
0,Diatoms,47.43,3365.1586285714284
0,Diatoms,25.03,71.67999999999999
0,Diatoms,31.29,204.9849142857143
0,Diatoms,79.05,348.76401428571427
0,Diatoms,254.8,4412.580357142857
0,Diatoms,13.17,6.1852
0,Diatoms,77.73,559.4652000000001
0,Diatoms,354.51,3227.5851571428575
0,Diatoms,253.61,1454.401428571428
0,Diatoms,88.93,3874.214628571429
0,Diatoms,166.18,852.5089285714286
0,Diatoms,11.08,3436.5728571428567
0,Diatoms,19.762,8486.121504142855
0,Diatoms,19.762,13.944914285714002
0,Diatoms,11.86,416.72572857142865
0,Diatoms,16.47,3.036014285714285
0,Diatoms,586.26,36181.518228571425
0,Diatoms,289.84,12552.11662857143
0,Diatoms,72.46,6750.580628571428
0,Diatoms,29.64,7.508928571428571
0,Diatoms,276.96,6207.343214285714
0,Diatoms,42.817,750.0438115714286
0,Diatoms,33.2349999999999,1420.1837765714315
0,Diatoms,105.395,532.984080142857
0,Diatoms,10.54,750.0438115714286
0,Diatoms,148.67,35.3475571428571
0,Diatoms,1646.81,320631.92279999994
0,Diatoms,22.16,377069.6603571428
0,Diatoms,22.16,17.53805714285715
0,Diatoms,19.76,24.77841428571429
0,Diatoms,13.17,6.204014285714289
0,Diatoms,16.47,1.5557142857142847
0,Diatoms,99.71,989.8425142857142
0,Diatoms,11.08,2.880014285714286
0,Diatoms,13.17,18.95862857142857
0,Diatoms,66.47,405.84142857142854
0,Diatoms,243.73,4488.729657142857
0,Diatoms,11.08,157.74755714285718
0,Diatoms,98.81,1099.5075571428572
0,Diatoms,27.67,20.094228571428577
0,Diatoms,65.87,24.77841428571429
0,Diatoms,210.49,4175.673584142858
0,Diatoms,14.492,8.927003571428575
0,Diatoms,122.4,1116.3657142857144
0,Diatoms,224.4,1486.2857142857142
0,Diatoms,17.0,21840.14285714286
0,Diatoms,102.0,371.57142857142856
0,Diatoms,95.2,1032.142857142857
0,Diatoms,171.54,832.5422285714284
0,Diatoms,333.2,3733.422228571428
0,Diatoms,297.34,183.7056571428573
0,Diatoms,137.24,3763603.602514286
0,Diatoms,11.44,2260.8057142857147
0,Diatoms,131.6,2075.3544142857145
0,Diatoms,33.2,1383.2228571428568
0,Diatoms,44.27,17.50641428571429
0,Diatoms,65.8,154.62999999999997
0,Diatoms,98.7,1097.0024142857142
0,Diatoms,11.07,1097.0024142857142
0,Diatoms,13.16,0.6240142857142856
0,Diatoms,32.9,55.66679999999999
0,Diatoms,22.16,631.1801285714286
0,Diatoms,65.87,272.9377285714287
0,Diatoms,32.94,0.012857142857143223
0,Diatoms,329.36,11607.643214285714
0,Diatoms,44.31,169.34641428571427
0,Diatoms,33.24,17.50641428571429
0,Diatoms,805.27,9025.260357142859
0,Diatoms,309.72,35081.400357142855
0,Diatoms,110.78,5653.874800000002
0,Diatoms,1486.65,311043.83212857146
0,Diatoms,44.31,297192.0965142858
0,Diatoms,664.7,54983.39315714287
0,Diatoms,1449.48,87982.80691428571
0,Diatoms,309.72,185578.97965714286
0,Diatoms,92.92,201.2144142857143
0,Diatoms,223.97,5957.3891571428585
0,Diatoms,387.74,3831.516128571429
0,Diatoms,310.2,858.9216571428576
0,Diatoms,743.33,26800.228128571434
0,Diatoms,7114.2,5798283.508128571
0,Diatoms,409.9,6421091.212857143
0,Diatoms,1416.25,144677.18892857144
0,Diatoms,1021.02,22315.250414285718
0,Diatoms,32.94,16.601199999999995
0,Diatoms,11.08,68.26565714285714
0,Diatoms,164.68,12552.963557142857
0,Diatoms,61.94,491.4032142857142
0,Diatoms,65.87,428.8491571428572
0,Diatoms,33.24,152.1024142857143
0,Diatoms,46.11,223.1186285714285
0,Diatoms,952.74,117425.42241428571
0,Diatoms,310.2,58979.6645142857
0,Diatoms,332.35,631.180128571428
0,Diatoms,13306.18,24045752.124128573
0,Diatoms,332.35,24045752.124128573
0,Diatoms,210.49,5680.621157142857
0,Diatoms,22.16,5066.88412857143
0,Diatoms,16.47,24.816057142857144
0,Diatoms,26.35,55.779657142857154
0,Diatoms,321.27,12425.40091428571
0,Diatoms,243.73,858.9216571428569
0,Diatoms,1229.7,138876.69155714285
0,Diatoms,221.57,145189.44241428576
0,Diatoms,32.94,5083.039557142857
0,Diatoms,98.81,619.8367000000001
0,Diatoms,11.08,428.8491571428572
0,Diatoms,98.81,1099.5075571428572
0,Diatoms,276.96,1420.2977285714296
0,Diatoms,296.43,54.15441428571444
0,Diatoms,55.39,8300.04022857143
0,Diatoms,16.47,216.39520000000002
0,Diatoms,148.21,2479.3468000000003
0,Diatoms,823.4,65125.933728571414
0,Diatoms,65.87,81978.8144142857
0,Diatoms,164.68,1394.7737285714286
0,Diatoms,329.36,15188.806414285715
0,Diatoms,65.87,74.00251428571423
0,Diatoms,1548.0,235709.42001428572
0,Diatoms,658.72,112974.13119999999
0,Diatoms,131.74,38.704514285714325
0,Diatoms,210.49,5680.621157142857
0,Diatoms,11.08,5680.621157142857
0,Diatoms,6027.31,4926121.4691571435
0,Diatoms,12812.14,6576274.018414283
0,Diatoms,32540.86,55603198.976914294
0,Diatoms,6488.41,96961450.1432143
0,Diatoms,164.68,5712794.4447
0,Diatoms,461.11,12552.963557142857
0,Diatoms,32.94,26189.93555714286
0,Diatoms,65.87,223.11862857142862
0,Diatoms,753.33,67514.46451428572
0,Diatoms,16.47,77566.09422857143
0,Diatoms,44.31,110.72365714285718
0,Diatoms,642.55,57777.8745142857
0,Diatoms,878.94,7982.890300000006
0,Diatoms,32.94,102245.14285714286
0,Diatoms,642.55,53089.19315714284
0,Diatoms,797.65,3436.572857142858
0,Diatoms,1118.92,14744.916128571438
0,Diatoms,919.51,5680.621157142862
0,Diatoms,6669.2,4722705.013728571
0,Diatoms,753.33,4999645.408128572
0,Diatoms,22.16,76372.79555714286
0,Diatoms,164.68,2901.7072000000003
0,Diatoms,11.08,3370.422857142857
0,Diatoms,32.94,68.26565714285714
0,Diatoms,177.25,8486.330414285716
0,Diatoms,52.7,261.9360571428571
0,Diatoms,691.66,39672.56005714286
0,Diatoms,1515.06,96855.36571428571
0,Diatoms,77.55,787.7925142857141
0,Diatoms,177.25,2962.697157142857
0,Diatoms,66.47,1753.1726285714285
0,Diatoms,185.83,2035.258514285715
0,Diatoms,297.33,1776.0357142857135
0,Diatoms,1161.45,106671.91062857145
0,Diatoms,1750.39,49550.04622857144
0,Diatoms,111.5,383708.6331571429
0,Diatoms,88.63,74.71955714285717
0,Diatoms,92.92,2.6291571428571503
0,Diatoms,557.49,30832.183557142856
0,Diatoms,99.71,29937.50405714286
0,Diatoms,44.31,438.45142857142844
0,Diatoms,22.16,70.08892857142858
0,Diatoms,1114.99,11100.223214285714
0,Diatoms,66.47,457.48972857142854
0,Diatoms,44.31,70.15222857142855
0,Diatoms,33.24,70.1522285714286
0,Diatoms,278.75,8610.737157142856
0,Diatoms,123.89,3425.9456571428577
0,Diatoms,276.96,3347.203557142857
0,Diatoms,1811.86,336559.7157142857
0,Diatoms,603.95,208435.22401428566
0,Diatoms,22.16,48354.22915714287
0,Diatoms,132.94,1122.1824142857142
0,Diatoms,123.89,11.700357142857134
0,Diatoms,132.94,11.700357142857134
0,Diatoms,13.17,11.545728571428572
0,Diatoms,66.47,405.84142857142854
0,Diatoms,151.51,1033.1145142857142
0,Diatoms,44.31,1641.6914285714283
0,Diatoms,44.314,217.77627657142853
0,Diatoms,332.351999999999,11852.269920571345
0,Diatoms,132.941,31693.05173157142
0,Diatoms,321.274,5067.045555571429
0,Diatoms,11.0779999999999,13745.936916571436
0,Diatoms,282.5,8875.792514285715
0,Diatoms,1085.68,92156.87320000002
0,Diatoms,155.1,3012.6926285714285
0,Diatoms,111.5,271.56571428571425
0,Diatoms,1053.04,126642.51022857141
0,Diatoms,867.21,4933.255557142853
0,Diatoms,23.23,8.558228571428568
0,Diatoms,22.16,70.08892857142858
0,Diatoms,61.94,226.06405714285714
0,Diatoms,82.87,62.58070000000004
0,Diatoms,69.69,24.81605714285717
0,Diatoms,11.08,10.17622857142857
0,Diatoms,2326.47,715418.2665142855
0,Diatoms,3856.0,334208.86012857157
0,Diatoms,162.6,6243.7262285714305
0,Diatoms,61.94,1447.4907999999998
0,Diatoms,11.08,369.53422857142857
0,Diatoms,66.47,438.2931571428571
0,Diatoms,110.78,2109.240014285714
0,Diatoms,155.1,280.6089142857142
0,Diatoms,288.04,2524.7205142857156
0,Diatoms,75.753,683.4193651428574
0,Diatoms,278.747,5163.659200000006
0,Diatoms,34.0,2023.0
0,Diatoms,102.0,660.5714285714286
0,Diatoms,17.0,1032.142857142857
0,Diatoms,27.2,59.451428571428586
0,Diatoms,10.2,477.2628571428571
0,Diatoms,17.0,2023.0
0,Diatoms,340.0,14904.142857142857
0,Diatoms,51.0,11931.57142857143
0,Diatoms,17.0,165.14285714285714
0,Diatoms,663.0,59616.57142857143
0,Diatoms,27.2,6.605714285714287
0,Diatoms,17.0,26.42285714285714
0,Diatoms,95.2,660.5714285714286
0,Diatoms,27.2,660.5714285714286
0,Diatoms,20.4,6.605714285714287
0,Diatoms,44.2,1073.8414285714287
0,Diatoms,54.4,314.4980571428572
0,Diatoms,268.6,9043.222857142859
0,Diatoms,210.8,477.26285714285734
0,Diatoms,153.0,477.26285714285734
0,Diatoms,81.6,728.2800000000001
0,Diatoms,20.4,535.0628571428571
0,Diatoms,13.6,6.605714285714284
0,Diatoms,17.0,19.09051428571428
0,Diatoms,27.2,92.89285714285714
0,Diatoms,136.0,1691.062857142857
0,Diatoms,23.8,1798.4057142857143
0,Diatoms,37.4,26.422857142857136
0,Diatoms,102.0,596.1657142857141
0,Diatoms,85.0,41.285714285714285
0,Diatoms,20.4,596.1657142857141
0,Diatoms,36.04,0.2642285714285712
0,Diatoms,27.2,11.163657142857144
0,Diatoms,12.92,5.3506285714285715
0,Diatoms,13.6,422.76571428571424
0,Diatoms,13.6,6.605714285714285
0,Diatoms,11.44,74.71955714285717
0,Diatoms,61.2,353.72251428571434
0,Diatoms,194.42,2535.3669142857134
0,Diatoms,54.4,2800.8000571428565
0,Diatoms,10.2,1.651428571428571
0,Diatoms,10.53,6.185199999999999
0,Diatoms,32.9,68.07841428571427
0,Diatoms,32.9,154.62999999999997
0,Diatoms,32.9,98.9632
0,Diatoms,22.13,16.570414285714286
0,Diatoms,22.13,34.543214285714285
0,Diatoms,77.46,118180.43022857142
0,Diatoms,33.2,279.84965714285704
0,Diatoms,66.4,568.9817285714287
0,Diatoms,55.33,17.50641428571431
0,Diatoms,460.6,23463.396128571436
0,Diatoms,453.72,6.762057142857134
0,Diatoms,335.58,1993.8656571428585
0,Diatoms,253.33,5600.571428571428
0,Diatoms,39.48,6533.117500000001
0,Diatoms,98.81,839.3175000000001
0,Diatoms,329.36,2479.3468000000003
0,Diatoms,197.62,1394.7737285714286
0,Diatoms,85.63,1791.6800142857144
0,Diatoms,88.63,1.2857142857142858
0,Diatoms,263.49,4368.0028
0,Diatoms,44.31,6862.838914285714
0,Diatoms,66.47,8452.937500000002
0,Diatoms,92.92,715.2825142857145
0,Diatoms,11.08,956.8265142857143
0,Diatoms,44.31,157.74755714285718
0,Diatoms,22.16,70.08892857142858
0,Diatoms,22.16,106.00251428571427
0,Diatoms,197.62,4971.024514285714
0,Diatoms,232.65,175.3001285714286
0,Diatoms,26.35,6079.955714285715
0,Diatoms,44.31,46.08022857142858
0,Diatoms,26.35,46.08022857142858
0,Diatoms,66.47,17.538057142857138
0,Diatoms,110.78,1701.3366999999998
0,Diatoms,296.43,4923.703214285714
0,Diatoms,88.63,6168.691428571429
0,Diatoms,65.87,2479.723214285714
0,Diatoms,197.62,2479.723214285714
0,Diatoms,230.55,154.91212857142864
0,Diatoms,32.94,5578.5303
0,Diatoms,11.08,369.53422857142857
0,Diatoms,13.17,6.204014285714289
0,Diatoms,121.86,1687.645157142857
0,Diatoms,66.47,512.2306285714285
0,Diatoms,22.16,2963.108628571429
0,Diatoms,11.08,17.538057142857145
0,Diatoms,11.08,6881.011557142857
0,Diatoms,66.47,570.2446285714285
0,Diatoms,99.71,157.84251428571423
0,Diatoms,22.16,34.632128571428574
0,Diatoms,32.94,1394.491428571429
0,Diatoms,19.76,24.816057142857126
0,Diatoms,11.08,597.4584142857144
0,Diatoms,461.11,12552.963557142857
0,Diatoms,164.68,12552.963557142857
0,Diatoms,131.74,155.00622857142852
0,Diatoms,131.74,2357.0575000000003
0,Diatoms,44.31,1092.0007
0,Diatoms,22.16,70.08892857142858
0,Diatoms,131.74,1715.396628571429
0,Diatoms,11.08,2079.8336571428576
0,Diatoms,26.35,33.310414285714295
0,Diatoms,42.82,155.00622857142852
0,Diatoms,22.16,60.97651428571429
0,Diatoms,32.94,38.75155714285713
0,Diatoms,26.35,1.5462999999999991
0,Diatoms,29.64,1.555714285714283
0,Diatoms,322.77,12275.028128571428
0,Diatoms,362.3,223.2315571428575
0,Diatoms,13.17,13.944914285714281
0,Diatoms,22.16,62.043657142857136
0,Diatoms,11.86,2.2289285714285705
0,Diatoms,66.47,17.538057142857138
0,Diatoms,376.67,19565.60091428572
0,Diatoms,181.15,5461.152914285715
0,Diatoms,98.81,968.5536571428572
0,Diatoms,790.47,68341.93651428573
0,Diatoms,32.94,81978.8144142857
0,Diatoms,72.46,736.4628571428572
0,Diatoms,26.35,303.73315714285707
0,Diatoms,32.94,6.204014285714279
0,Diatoms,11.08,2.880014285714286
0,Diatoms,22.16,4398.030228571429
0,Diatoms,265.88,1122.1824142857142
0,Diatoms,177.25,1122.1824142857142
0,Diatoms,132.94,280.4823
0,Diatoms,99.71,1069.881657142857
0,Diatoms,118.57,50.814228571428565
0,Diatoms,19.76,29.99430000000001
0,Diatoms,32.94,24.816057142857126
0,Diatoms,11.08,0.2057142857142855
0,Diatoms,88.63,859.1432142857142
0,Diatoms,210.49,3945.1132000000002
0,Diatoms,11.08,5680.621157142857
0,Diatoms,82.34,464.63155714285716
0,Diatoms,44.31,206.61155714285715
0,Diatoms,22.16,70.08892857142858
0,Diatoms,32.94,20.06035714285715
0,Diatoms,19.76,29.99430000000001
0,Diatoms,105.4,4.625157142857162
0,Diatoms,11.08,0.2057142857142855
0,Diatoms,185.83,3826.838414285715
0,Diatoms,557.49,15983.365728571429
0,Diatoms,50.06,36783.6007
0,Diatoms,371.66,14775.222857142859
0,Diatoms,22.16,17450.035714285714
0,Diatoms,44.31,70.08892857142858
0,Diatoms,155.1,2616.702228571429
0,Diatoms,11.08,10.763200000000003
0,Diatoms,11.0779999999999,3944.923282285672
0,Diatoms,22.157,17.53172628571397
0,Diatoms,44.314,280.52028128571294
0,Diatoms,121.864,859.1432142857145
0,Diatoms,432.057999999999,13745.93691657143
0,Diatoms,221.568,6329.434299999941
0,Diatoms,22.157,5680.678131571428
0,Diatoms,44.314,70.13323557142857
0,Diatoms,33.2349999999999,17.53172628571397
0,Diatoms,22.157,17.53172628571397
0,Diatoms,310.2,70.15222857142837
0,Diatoms,66.47,8486.330414285714
0,Diatoms,517.1,31690.225728571433
0,Diatoms,7619.09,7205465.994299999
0,Diatoms,39.52,8207125.9121285705
0,Diatoms,105.25,617.2046999999999
0,Diatoms,60.6,284.80321428571426
0,Diatoms,26.35,71.68000000000002
0,Diatoms,23.06,1.5463000000000025
0,Diatoms,144.02,2090.1888000000004
0,Diatoms,36.23,1659.812014285715
0,Diatoms,99.71,575.6729142857142
0,Diatoms,22.16,859.1432142857142
0,Diatoms,26.35,6.204014285714286
0,Diatoms,99.71,768.8127999999997
0,Diatoms,36.23,575.6729142857142
0,Diatoms,22.16,28.28069999999999
0,Diatoms,88.63,631.1801285714286
0,Diatoms,3135.9,1191605.3049142857
0,Diatoms,4529.64,277501.5982285715
0,Diatoms,16.47,2909814.7784142857
0,Diatoms,36.83,103.75749999999996
0,Diatoms,139.37,1502.0645142857145
0,Diatoms,29.64,1720.0961285714288
0,Diatoms,79.05,348.76401428571427
0,Diatoms,77.55,0.32142857142857145
0,Diatoms,22.16,438.2931571428571
0,Diatoms,116.15,1633.7376571428572
0,Diatoms,11.08,0.2057142857142855
0,Diatoms,14.49,12.144057142857145
0,Diatoms,26.35,2.5080142857142875
0,Diatoms,33.24,17.53805714285715
0,Diatoms,139.37,1609.082414285714
0,Diatoms,1393.74,224777.72812857138
0,Diatoms,121.86,231096.9620571429
0,Diatoms,288.04,3945.1132000000002
0,Diatoms,132.94,14000.937657142858
0,Diatoms,22.16,17.538057142857145
0,Diatoms,69.69,322.7287
0,Diatoms,39.52,130.03269999999995
0,Diatoms,221.568,2963.067480142857
0,Diatoms,371.663,3218.358432142857
0,Diatoms,511.036,2774.976161285714
0,Diatoms,22.157,17.53489157142889
0,Diatoms,221.568,5680.678131571428
0,Diatoms,95.515,2269.9084012857147
0,Diatoms,642.547,42749.14414628572
0,Diatoms,28.984,55.790949142857144
0,Diatoms,79.0469999999999,358.04342414285566
0,Diatoms,418.120999999999,2775.0159822856745
0,Diatoms,199.411,6833.437728571366
0,Diatoms,139.374,514.9201955714286
0,Diatoms,155.098,1595.8888051428578
0,Diatoms,66.47,570.1724251428572
0,Diatoms,11.0779999999999,438.32480914285867
0,Diatoms,23.055,20.492647000000343
0,Diatoms,19.762,1.549121285714285
0,Diatoms,136.0,1032.142857142857
0,Diatoms,27.2,59.451428571428565
0,Diatoms,59.22,261.32469999999995
0,Diatoms,22.16,70.08892857142858
0,Diatoms,22.16,70.08892857142858
0,Diatoms,32.94,142.8320571428571
0,Diatoms,650.41,52479.60142857141
0,Diatoms,46.46,52107.943214285704
0,Diatoms,44.31,0.6603571428571421
0,Diatoms,199.411,2524.7584972857144
0,Diatoms,349.122999999999,3201.9547062856727
0,Diatoms,443.136,1262.6348812857411
0,Diatoms,170.0,5945.142857142857
0,Diatoms,20.4,26.422857142857136
0,Diatoms,19.76,1.5463000000000025
0,Diatoms,459.0,11931.57142857143
0,Diatoms,51.0,23780.571428571428
0,Diatoms,1455.2,251182.2857142857
0,Diatoms,714.0,78482.49142857143
0,Diatoms,34.0,66057.14285714286
0,Diatoms,56.1,226.06405714285714
0,Diatoms,19.74,1391.67
0,Diatoms,954.1,124718.37280000001
0,Diatoms,125.02,154.6299999999999
0,Diatoms,10.54,148.8569142857143
0,Diatoms,12.85,14.892014285714282
0,Diatoms,345.83,16890.40321428571
0,Diatoms,559.91,6547.178057142856
0,Diatoms,21.08,41476.82412857142
0,Diatoms,39.52,48.5762285714286
0,Diatoms,368.88,29.49955714285716
0,Diatoms,886.27,38241.77315714285
0,Diatoms,398.82,33943.928928571426
0,Diatoms,65.87,15836.528928571428
0,Diatoms,32.94,18.991557142857136
0,Diatoms,11.08,1270.8946285714287
0,Diatoms,609.31,187.61965714285725
0,Diatoms,420.98,13932.14915714286
0,Diatoms,188.33,7732.288928571428
0,Diatoms,254.8,631.1801285714286
0,Diatoms,22.16,7731.62422857143
0,Diatoms,387.74,19092.67662857143
0,Diatoms,897.35,69588.60622857144
0,Diatoms,82.34,94891.6143
0,Diatoms,510.51,26189.935557142853
0,Diatoms,177.25,15866.032514285715
0,Diatoms,299.12,7772.223214285715
0,Diatoms,256.9,254.6469142857146
0,Diatoms,154.8,1489.2014285714274
0,Diatoms,155.1,0.012857142857141396
0,Diatoms,132.941,1420.1837765714315
0,Diatoms,11.857,2094.4764365714286
0,Diatoms,432.057999999999,25224.125771571307
0,Diatoms,420.978999999999,17.534891571428595
0,Diatoms,65.87,0.05142857142857045
0,Diatoms,332.35,10144.512914285717
0,Diatoms,155.1,4488.223214285716
0,Diatoms,18.58,2662.5300571428565
0,Diatoms,155.098,2524.720514285714
0,Diatoms,33.2349999999999,2121.5129670000038
0,Diatoms,598.234,45603.41000014288
0,Diatoms,1794.701,204504.7545841429
0,Diatoms,199.411,363564.31201428565
0,Diatoms,41.48,90.43222857142855
0,Diatoms,59.5,46.38862857142858
0,Diatoms,103.36,274.81422857142854
0,Diatoms,51.0,391.65279999999996
0,Diatoms,29.61,84.70321428571428
0,Diatoms,46.11,6.204014285714292
0,Diatoms,343.43,12628.454628571428
0,Diatoms,387.74,280.4823
0,Diatoms,98.81,149.41080000000005
0,Diatoms,88.63,70.15222857142855
0,Diatoms,158.093,2121.512967000003
0,Diatoms,32.94,502.01691428571434
0,Diatoms,19.76,3.486228571428568
0,Diatoms,18.44,0.24891428571428584
0,Diatoms,42.82,84.91205714285714
0,Diatoms,25.69,13.944914285714281
0,Diatoms,23.06,0.9881285714285734
0,Diatoms,20.42,0.9956571428571406
0,Diatoms,52.7,148.8569142857143
0,Diatoms,197.2,5309.1612000000005
0,Diatoms,12.24,16.910628571428575
0,Diatoms,68.0,444.1682285714286
0,Diatoms,493.0,25803.571428571428
0,Diatoms,85.0,23780.571428571428
0,Diatoms,187.0,1486.2857142857142
0,Diatoms,374.0,4995.571428571428
0,Diatoms,102.0,5945.142857142857
0,Diatoms,387.6,5945.14285714286
0,Diatoms,34.0,17861.85142857143
0,Diatoms,476.0,1083502.2857142857
0,Diatoms,68.0,165.14285714285714
0,Diatoms,10.2,6.605714285714287
0,Diatoms,34.0,145.9202285714286
0,Diatoms,17.0,6144.965714285715
0,Diatoms,255.0,8092.0
0,Diatoms,136.0,2023.0
0,Diatoms,34.0,1486.2857142857142
0,Diatoms,51.0,41.285714285714285
0,Diatoms,68.0,41.285714285714285
0,Diatoms,12.24,14.862857142857147
0,Diatoms,20.4,9.512228571428567
0,Diatoms,312.8,12213.965714285718
0,Diatoms,149.6,3804.8914285714295
0,Diatoms,13.6,23.84662857142857
0,Diatoms,21.08,23.846628571428564
0,Diatoms,51.0,165.14285714285714
0,Diatoms,207.4,6064.640228571428
0,Diatoms,13.6,19.09051428571428
0,Diatoms,23.8,71.93622857142859
0,Diatoms,102.0,1294.72
0,Diatoms,255.0,3344.1428571428573
0,Diatoms,21.08,55.55405714285713
0,Diatoms,115.6,1691.062857142857
0,Diatoms,23.8,4638.862857142857
0,Diatoms,52.36,342.4402285714286
0,Diatoms,54.4,0.5945142857142852
0,Diatoms,197.2,2913.1199999999994
0,Diatoms,78.2,199.8228571428572
0,Diatoms,360.4,11376.691428571428
0,Diatoms,274.46999999999997,1054.8521285714287
0,Diatoms,584.8,13757.815557142854
0,Diatoms,251.6,15860.319999999994
0,Diatoms,22.87,295870.73670000007
0,Diatoms,57.18,17955.931557142852
0,Diatoms,64.6,536.9880142857143
0,Diatoms,73.04,136.57805714285703
0,Diatoms,32.9,125.2503
0,Diatoms,230.3,3837.601428571429
0,Diatoms,66.4,3837.601428571429
0,Diatoms,11.07,437.3441285714287
0,Diatoms,16.45,4.134914285714284
0,Diatoms,59.22,96.7200571428571
0,Diatoms,19.74,222.66720000000007
0,Diatoms,26.32,6.185200000000004
0,Diatoms,148.05,2727.6732
0,Diatoms,13.16,2599.3303000000005
0,Diatoms,19.74,6.1851999999999965
0,Diatoms,144.76,2232.8572
0,Diatoms,12.5,2498.958228571428
0,Diatoms,116.59,1267.6628571428569
0,Diatoms,33.24,25.958628571428573
0,Diatoms,98.81,614.203557142857
0,Diatoms,299.12,5732.013728571429
0,Diatoms,197.62,1471.75
0,Diatoms,32.94,3874.214628571429
0,Diatoms,753.33,74137.39315714288
0,Diatoms,199.41,43832.48091428572
0,Diatoms,889.27,67986.68851428572
0,Diatoms,33.24,37.30651428571427
0,Diatoms,184.44,2237.5032142857144
0,Diatoms,265.88,7013.323557142857
0,Diatoms,66.47,5680.621157142857
0,Diatoms,609.3100000000001,47457.48241428573
0,Diatoms,26.35,75.96622857142859
0,Diatoms,73.12,312.49041428571434
0,Diatoms,13.17,513.4289285714286
0,Diatoms,26.35,75.96622857142859
0,Diatoms,44.31,46.08022857142858
0,Diatoms,132.94,1122.1824142857142
0,Diatoms,148.67,35.3475571428571
0,Diatoms,724.59,47383.40662857144
0,Diatoms,276.96,28624.659557142866
0,Diatoms,494.04,6731.960914285717
0,Diatoms,32.94,30373.315714285716
0,Diatoms,44.31,203.25691428571426
0,Diatoms,1021.02,124193.01601428572
0,Diatoms,44.31,136280.3463
0,Diatoms,72.46,199.07555714285704
0,Diatoms,32.94,223.1186285714285
0,Diatoms,19.76,12050.770514285714
0,Diatoms,77.55,477.09772857142843
0,Diatoms,144.01999999999998,631.1801285714283
0,Diatoms,65.87,872.488928571428
0,Diatoms,1284.51,212154.77851428566
0,Diatoms,65.87,212154.77851428566
0,Diatoms,16.47,348.62285714285724
0,Diatoms,164.68,3874.214628571429
0,Diatoms,11.08,428.8491571428572
0,Diatoms,16.47,17.919999999999998
0,Diatoms,98.81,968.5536571428572
0,Diatoms,59.28,223.23155714285716
0,Diatoms,1152.15,187472.53051428575
0,Diatoms,559.91,31729.262628571425
0,Diatoms,66.47,34783.290514285705
0,Diatoms,658.73,50110.27251428571
0,Diatoms,59.28,51334.328928571435
0,Diatoms,125.16,620.0249142857141
0,Diatoms,1196.47,163957.87372857143
0,Diatoms,66.47,182414.2857142857
0,Diatoms,166.18,1122.1824142857145
0,Diatoms,55.39,1753.4891571428575
0,Diatoms,44.31,70.15222857142855
0,Diatoms,110.78,631.1801285714286
0,Diatoms,164.68,1394.7737285714286
0,Diatoms,33.24,56963.104514285726
0,Diatoms,36.23,38.75155714285717
0,Diatoms,85.63,348.6228571428571
0,Diatoms,77.55,438.45142857142844
0,Diatoms,177.25,1420.0128571428572
0,Diatoms,461.11,61987.43405714284
0,Diatoms,77.55,479847.9868
0,Diatoms,16.47,532.9666285714286
0,Diatoms,65.87,348.62285714285724
0,Diatoms,164.68,1394.7737285714286
0,Diatoms,329.36,14581.067200000001
0,Diatoms,39.52,5.634057142857145
0,Diatoms,88.63,12858.857199999999
0,Diatoms,11.08,859.1432142857142
0,Diatoms,197.62,3874.214628571429
0,Diatoms,230.55,154.91212857142864
0,Diatoms,32.94,5578.5303
0,Diatoms,65.87,348.76401428571427
0,Diatoms,253.61,8951.443200000002
0,Diatoms,13.17,8258.770514285716
0,Diatoms,110.78,438.2931571428571
0,Diatoms,164.68,3570.349728571429
0,Diatoms,155.1,13.110914285714319
0,Diatoms,27.67,1933.9032142857145
0,Diatoms,34.25,6.1851999999999965
0,Diatoms,31.62,71.67999999999999
0,Diatoms,138.33,1791.3600571428578
0,Diatoms,66.47,737.6942285714288
0,Diatoms,44.31,66.40480000000001
0,Diatoms,88.63,280.6089142857142
0,Diatoms,33.24,438.29315714285707
0,Diatoms,11.08,70.1522285714286
0,Diatoms,110.78,1420.0128571428572
0,Diatoms,33.24,858.9216571428569
0,Diatoms,13.17,8951.443200000002
0,Diatoms,110.78,1361.1017285714286
0,Diatoms,709.02,69588.60622857141
0,Diatoms,55.99,261.9360571428571
0,Diatoms,28.99,71.67999999999999
0,Diatoms,197.62,4860.257500000001
0,Diatoms,75.1,2144.4500571428575
0,Diatoms,52.699999999999996,71.67999999999999
0,Diatoms,428.17,23828.38972857143
0,Diatoms,296.43,2479.3468000000003
0,Diatoms,66.47,311.689157142857
0,Diatoms,16.47,357.14285714285717
0,Diatoms,13.17,1.5462999999999991
0,Diatoms,29.64,23134.550914285715
0,Diatoms,16.47,13.944914285714281
0,Diatoms,33.24,70.1522285714286
0,Diatoms,108.69,813.2432142857141
0,Diatoms,36.23,750.0645142857145
0,Diatoms,177.25,2840.9486285714293
0,Diatoms,243.73,631.3700571428569
0,Diatoms,709.02,30927.826299999993
0,Diatoms,111.5,51004.307199999996
0,Diatoms,223.0,1776.0357142857142
0,Diatoms,461.11,20281.529157142857
0,Diatoms,13.17,28664.32051428571
0,Diatoms,49.4,37.30651428571427
0,Diatoms,39.52,13.944914285714272
0,Diatoms,265.88,16.60120000000009
0,Diatoms,398.53,2513.7174999999993
0,Diatoms,250.31,3138.4526285714273
0,Diatoms,155.1,1294.9920142857143
0,Diatoms,254.8,1420.0128571428577
0,Diatoms,2229.98,557333.7189142858
0,Diatoms,1176.93,158416.32892857143
0,Diatoms,509.61,63616.56891428573
0,Diatoms,19.76,4059.4064142857155
0,Diatoms,288.04,10282.02262857143
0,Diatoms,88.63,813.4587999999998
0,Diatoms,19.76,677.5824142857142
0,Diatoms,46.11,99.18892857142855
0,Diatoms,23.714,3690.498569142858
0,Diatoms,66.47,9275.011202285716
0,Diatoms,22.157,280.5202812857143
0,Diatoms,278.747,9405.48972857143
0,Diatoms,603.952,31693.05173157142
0,Diatoms,167.9739999999999,175.3301555714276
0,Diatoms,797.6449999999999,56640.795462999995
0,Diatoms,118.57000000000001,65877.55080357139
0,Diatoms,39.523,187.50577728571437
0,Diatoms,17.79,17.919999999999998
0,Diatoms,46.11,208.4628571428572
0,Diatoms,54.010000000000005,44576.280000000006
0,Diatoms,232.65,157.74755714285703
0,Diatoms,110.78,2121.7567000000004
0,Diatoms,121.86,3436.572857142856
0,Diatoms,288.04,3945.1132000000002
0,Diatoms,67.52,626.0628571428572
0,Diatoms,303.01,7922.2200142857155
0,Diatoms,144.92,458.460357142857
0,Diatoms,154.8,13.944914285714352
0,Diatoms,16.47,2733.598414285715
0,Diatoms,33.24,40.176128571428585
0,Diatoms,59.29,96.94321428571426
0,Diatoms,553.92,34951.2624142857
0,Diatoms,775.49,7013.32355714286
0,Diatoms,278.75,35250.08965714286
0,Diatoms,288.04,3945.1132000000002
0,Diatoms,898.19,53183.28892857145
0,Diatoms,359.11,41515.32091428572
0,Diatoms,603.95,8563.803657142858
0,Diatoms,29.64,47118.85372857144
0,Diatoms,22.16,7.992914285714287
0,Diatoms,65.87,474.62422857142855
0,Diatoms,21.08,41.870628571428554
0,Diatoms,675.78,61233.1557142857
0,Diatoms,432.06,8485.634057142855
0,Diatoms,167.97,9963.36115714286
0,Diatoms,432.06,9963.36115714286
0,Diatoms,587.16,3436.572857142856
0,Diatoms,371.66,6634.321428571426
0,Diatoms,580.72,46016.14321428572
0,Diatoms,557.49,77.0904142857144
0,Diatoms,66.47,438.2931571428571
0,Diatoms,44.31,70.15222857142855
0,Diatoms,132.94,1068.3986285714284
0,Diatoms,409.9,10958.120228571426
0,Diatoms,974.9,45603.57142857143
0,Diatoms,105.25,108041.58892857142
0,Diatoms,99.71,1238.7620571428567
0,Diatoms,371.66,17034.1423
0,Diatoms,88.63,11443.711557142859
0,Diatoms,44.31,280.6089142857142
0,Diatoms,66.47,70.15222857142855
0,Diatoms,199.41,2524.720514285714
0,Diatoms,766.5600000000001,45951.303214285734
0,Diatoms,232.647,157.79503214285728
0,Diatoms,1114.988,95092.44576914336
0,Diatoms,1904.771,89108.16958414284
0,Diatoms,199.411,415464.6756571428
0,Diatoms,44.314,12781.483065142855
0,Diatoms,23.055,64.56358300000001
0,Diatoms,243.724999999999,6956.464128571365
0,Diatoms,464.577999999999,7708.311360142858
0,Diatoms,418.120999999999,308.3218355714285
0,Diatoms,44.314,19961.667606999894
0,Diatoms,557.494,37621.95891428572
0,Diatoms,288.038,7692.192302285715
0,Diatoms,332.351999999999,280.5329422857016
0,Diatoms,32.936,13.947737285714286
0,Diatoms,13.1739999999999,55.790949142857706
0,Diatoms,33.2349999999999,57.49196014285714
0,Diatoms,77.549,280.53294228571565
0,Diatoms,16.468,532.9840801428571
0,Diatoms,56.65,230.65616057142861
0,Diatoms,25.031,142.823023
0,Diatoms,63.237,536.1300172857143
0,Diatoms,214.744,3279.1958641428573
0,Diatoms,55.39,17.538057142857138
0,Diatoms,22.16,34.632128571428574
0,Diatoms,40.8,165.14285714285714
0,Diatoms,65.87,348.62285714285724
0,Diatoms,11.08,157.74755714285718
0,Diatoms,32.94,3.486228571428568
0,Diatoms,16.47,4.625157142857145
0,Diatoms,55.39,304.5241285714286
0,Diatoms,33.24,70.08892857142857
0,Diatoms,13.1739999999999,1.55006228571438
0,Diatoms,19.762,6.200249142857332
0,Diatoms,55.392,181.35670000000002
0,Diatoms,149.6,2140.2514285714283
0,Diatoms,142.8,6.605714285714252
0,Diatoms,342.16,13087.8832
0,Diatoms,463.89,2116.8846999999987
0,Diatoms,243.46,6941.340699999999
0,Diatoms,41.5,1163.3225142857145
0,Diatoms,724.59,55942.94405714285
0,Diatoms,47.65,203.7961285714285
0,Diatoms,10.54,196.73601428571428
0,Diatoms,199.41,5131.660128571429
0,Diatoms,509.61,13746.291428571432
0,Diatoms,29.64,35.70801428571429
0,Diatoms,26.35,1.5462999999999991
0,Diatoms,128.45,1489.2014285714283
0,Diatoms,658.72,40169.46755714285
0,Diatoms,99.71,44641.740014285715
0,Diatoms,46.11,5956.805714285713
0,Diatoms,177.25,2456.814228571428
0,Diatoms,66.47,879.2003571428569
0,Diatoms,26.35,62.1628
0,Diatoms,494.04,31247.705157142856
0,Diatoms,1251.86,82041.59319999999
0,Diatoms,232.65,148398.43201428567
0,Diatoms,55.39,70.08892857142857
0,Diatoms,13.17,8.426057142857143
0,Diatoms,13.17,6.1852
0,Diatoms,42.82,125.58892857142857
0,Diatoms,46.11,1.5462999999999991
0,Diatoms,22.4,28021.650300000005
0,Diatoms,19.76,6.204014285714289
0,Diatoms,40.84,223.11862857142862
0,Diatoms,65.87,89.50012857142858
0,Diatoms,29.64,502.18630000000013
0,Diatoms,33.24,24566.828014285715
0,Diatoms,26.35,17532.014628571425
0,Diatoms,22.16,34.632128571428574
0,Diatoms,102.1,86.10035714285712
0,Diatoms,36.23,619.8367000000001
0,Diatoms,10.54,12.151961285714282
0,Diatoms,18.44,10268.230000000001
0,Diatoms,98.81,750.0645142857145
0,Diatoms,52.7,303.7331571428571
0,Diatoms,188.33,2627.9281285714283
0,Diatoms,13.17,4383.003657142858
0,Diatoms,144.919,819.7881441428597
0,Diatoms,110.784,17.53172628571425
0,Diatoms,77.55,19.488914285714262
0,Diatoms,775.488,76373.63118228574
0,Diatoms,5156.82,2742295.727746285
0,Diatoms,696.87,49071.64115714286
0,Diatoms,164.68,415.0300000000001
0,Diatoms,720.1,44070.19662857144
0,Diatoms,836.240999999999,92116.94800514264
0,Diatoms,882.698999999999,308.33510914285824
0,Diatoms,66.47,95175.68292014263
0,Diatoms,11.0779999999999,438.32480914285867
0,Diatoms,13.16,55.66679999999999
0,Diatoms,99.71,768.8127999999997
0,Diatoms,33.24,631.1801285714286
0,Diatoms,19.74,748.4092000000002
0,Diatoms,19.76,24.77841428571429
0,Diatoms,19.76,25.958628571428573
0,Diatoms,26.35,33.310414285714295
0,Diatoms,19.76,6.204014285714286
0,Diatoms,658.72,18751.612857142853
0,Diatoms,3877.44,1480022.6340571432
0,Diatoms,487.45,1641718.8857285716
0,Diatoms,592.85,1587.0228571428581
0,Diatoms,164.68,1377.8863000000001
0,Diatoms,1152.76,139471.72662857143
0,Diatoms,98.81,158687.22892857142
0,Diatoms,82.34,38.75155714285713
0,Diatoms,22.16,517.3760571428572
0,Diatoms,22.16,34.632128571428574
0,Diatoms,11.08,17.538057142857145
0,Diatoms,247.78,8003.841428571427
0,Diatoms,408.41,17412.11062857143
0,Diatoms,32.94,20139.674414285717
0,Diatoms,16.47,38.75155714285713
0,Diatoms,13.61,11.571428571428571
0,Diatoms,22.16,17.538057142857145
0,Diatoms,243.73,7732.288928571427
0,Diatoms,85.63,3570.801428571428
0,Diatoms,775.49,67986.68851428572
0,Diatoms,243.73,40395.52822857143
0,Diatoms,13.17,7593.987657142857
0,Diatoms,592.85,48004.12891428573
0,Diatoms,164.68,26189.93555714286
0,Diatoms,329.36,130.63680000000008
0,Diatoms,131.74,5579.094914285714
0,Diatoms,731.18,51332.616228571416
0,Diatoms,88.63,58981.500357142846
0,Diatoms,22.16,631.1801285714286
0,Diatoms,16.47,4.625157142857145
0,Diatoms,11.08,4.150299999999999
0,Diatoms,32.94,68.26565714285714
0,Diatoms,44.31,70.08892857142858
0,Diatoms,33.24,70.1522285714286
0,Diatoms,16.47,40.176128571428585
0,Diatoms,199.41,4781.006228571428
0,Diatoms,16.47,4781.006228571428
0,Diatoms,36.23,55.779657142857126
0,Diatoms,65.87,154.91212857142864
0,Diatoms,16.47,348.62285714285724
0,Diatoms,62.58,502.18629999999996
0,Diatoms,28.55,165.43441428571427
0,Diatoms,64.56,458.4603571428573
0,Diatoms,142.28,862.9140571428571
0,Diatoms,484.82,16761.950228571422
0,Diatoms,59.29,25867.968699999998
0,Diatoms,18.44,238.38892857142852
0,Diatoms,46.11,48.62892857142858
0,Diatoms,108.69,1667.2115571428571
0,Diatoms,75.09,161.27999999999994
0,Diatoms,43.48,142.74172857142864
0,Diatoms,1086.89,155529.20401428573
0,Diatoms,1363.55,10934.393657142846
0,Diatoms,199.41,193603.13422857138
0,Diatoms,88.63,14.80462857142859
0,Diatoms,214.09,1215.1961285714285
0,Diatoms,11.08,5680.621157142857
0,Diatoms,22.16,70.08892857142858
0,Diatoms,26.35,6.204014285714286
0,Diatoms,88.63,78705.00892857143
0,Diatoms,13.17,13.944914285714281
0,Diatoms,33.2349999999999,145.53696057142764
0,Diatoms,731.0,56520.142857142855
0,Diatoms,85.0,59616.57142857143
0,Diatoms,22.16,70.08892857142858
0,Diatoms,11.0779999999999,13.611017285714007
0,Diatoms,46.46,178.8206285714286
0,Diatoms,68.0,647.426057142857
0,Diatoms,102.0,165.14285714285714
0,Diatoms,23.12,48.15565714285714
0,Diatoms,136.0,1820.2706285714285
0,Diatoms,95.2,1221.7929142857142
0,Diatoms,155.1,1696.9742999999999
0,Diatoms,13.17,2877.732128571429
0,Diatoms,110.78,1454.4014285714288
0,Diatoms,26.35,2.5080142857142875
0,Diatoms,98.81,750.0645142857145
0,Diatoms,33.24,631.1801285714286
0,Diatoms,46.11,261.9360571428571
0,Diatoms,66.47,438.32480914284133
0,Diatoms,71.4,700.8002285714286
0,Diatoms,17.0,85.61005714285713
0,Diatoms,35.53,163.97920000000002
0,Diatoms,166.18,2926.1906285714285
0,Diatoms,13.17,502.18629999999985
0,Diatoms,11.2,32.78892857142858
0,Diatoms,79.05,750.0645142857142
0,Diatoms,110.78,143.8275571428572
0,Diatoms,1360.0,232232.14285714287
0,Diatoms,119.0,5945.142857142857
0,Diatoms,204.0,4638.862857142857
0,Diatoms,176.8,105.69142857142847
0,Diatoms,34.0,59.451428571428565
0,Diatoms,10.2,127.88662857142856
0,Diatoms,20.4,26.422857142857147
0,Diatoms,40.8,323.6800000000001
0,Diatoms,11.07,0.2057142857142861
0,Diatoms,33.2,69.9624142857143
0,Diatoms,197.4,3851.6628571428564
0,Diatoms,22.13,4388.510414285714
0,Diatoms,32.9,16.570414285714286
0,Diatoms,246.75,6533.117499999999
0,Diatoms,59.22,5023.9286999999995
0,Diatoms,98.81,1099.5075571428572
0,Diatoms,296.43,5579.094914285714
0,Diatoms,32.94,9918.140014285715
0,Diatoms,13.17,2008.4064142857146
0,Diatoms,11.08,2079.8336571428576
0,Diatoms,77.55,631.1801285714286
0,Diatoms,11.08,11705.580357142857
0,Diatoms,111.5,1440.5966285714287
0,Diatoms,44.31,17.538057142857138
0,Diatoms,155.1,1753.4891571428568
0,Diatoms,92.92,552.336057142857
0,Diatoms,55.39,157.74755714285718
0,Diatoms,88.63,631.1801285714286
0,Diatoms,177.25,1121.9292
0,Diatoms,841.96,63119.91201428572
0,Diatoms,121.86,74077.71571428572
0,Diatoms,19.76,1489.2014285714283
0,Diatoms,98.81,154.91212857142864
0,Diatoms,197.62,1394.7737285714286
0,Diatoms,11.08,4971.024514285714
0,Diatoms,395.23,17592.120914285715
0,Diatoms,66.47,15440.448228571428
0,Diatoms,265.88,9274.72
0,Diatoms,11.08,9274.72
0,Diatoms,44.31,157.74755714285718
0,Diatoms,11.08,157.74755714285718
0,Diatoms,709.02,71150.69041428572
0,Diatoms,288.04,25317.737199999996
0,Diatoms,509.61,7013.323557142857
0,Diatoms,4117.01,1859047.822857143
0,Diatoms,230.55,6881.011557142857
0,Diatoms,2060.58,478429.9715571428
0,Diatoms,592.85,307747.3361285714
0,Diatoms,197.62,22315.250414285718
0,Diatoms,526.98,15496.858514285716
0,Diatoms,65.87,9918.140014285715
0,Diatoms,188.33,2142.350228571429
0,Diatoms,65.87,5579.094914285714
0,Diatoms,98.81,154.91212857142864
0,Diatoms,197.62,1394.7737285714286
0,Diatoms,131.74,620.0249142857141
0,Diatoms,164.68,155.00622857142852
0,Diatoms,395.23,21945.280514285714
0,Diatoms,65.87,55.77965714285717
0,Diatoms,465.29,22790.9052
0,Diatoms,88.63,631.1801285714286
0,Diatoms,115.28,101.46035714285719
0,Diatoms,32.94,75.96622857142854
0,Diatoms,98.81,619.8367000000001
0,Diatoms,199.41,438.29315714285696
0,Diatoms,13.17,13.944914285714281
0,Diatoms,288.04,10958.12022857143
0,Diatoms,65.87,187.51612857142862
0,Diatoms,16.47,348.62285714285724
0,Diatoms,66.47,357.14285714285717
0,Diatoms,603.95,4782.574414285716
0,Diatoms,1858.31,224774.1442285714
0,Diatoms,243.73,372409.7966285714
0,Diatoms,22.16,7013.323557142857
0,Diatoms,33.24,17.53805714285715
0,Diatoms,2880.39,445233.87999999995
0,Diatoms,62.58,1134293.3137285714
0,Diatoms,398.82,16151.048228571428
0,Diatoms,88.63,631.1801285714286
0,Diatoms,433.61,17001.60005714286
0,Diatoms,221.57,6422.994514285716
0,Diatoms,22.16,5680.621157142857
0,Diatoms,557.49,37937.858414285714
0,Diatoms,199.41,18317.32662857143
0,Diatoms,44.31,3436.5728571428567
0,Diatoms,11.08,157.74755714285718
0,Diatoms,32.94,68.26565714285714
0,Diatoms,77.55,284.2931571428571
0,Diatoms,72.46,3.7011571428571477
0,Diatoms,66.47,5.125728571428563
0,Diatoms,2090.603,611209.8364165714
0,Diatoms,576.077,327684.14352514286
0,Diatoms,155.098,25317.616920142853
0,Diatoms,77.549,859.1210572857144
0,Diatoms,553.919999999999,32418.475662999874
0,Diatoms,166.175999999999,21477.915648000002
0,Diatoms,13.1739999999999,3344.230286285675
0,Diatoms,44.314,138.52851428571518
0,Diatoms,77.549,157.79503214285722
0,Diatoms,420.978999999999,16849.16641428562
0,Diatoms,498.528,859.1210572857365
0,Diatoms,398.822999999999,1420.155289285743
0,Diatoms,110.784,4030.22419557143
0,Diatoms,66.47,280.53294228571434
0,Diatoms,11.0779999999999,438.32480914285867
0,Diatoms,33.24,17.50641428571429
0,Diatoms,44.31,17.50641428571429
0,Diatoms,325.21,774.0617285714288
0,Diatoms,371.66,308.22892857142915
0,Diatoms,62.58,13647.206628571434
0,Diatoms,135.03,749.8575000000001
0,Diatoms,14.49,50.223214285714285
0,Diatoms,309.6,13230.964128571432
0,Diatoms,105.4,5956.805714285715
0,Diatoms,22.16,989.8425142857144
0,Diatoms,11.08,280.4823
0,Diatoms,177.25,3944.6384142857137
0,Diatoms,278.75,6715.225157142857
0,Diatoms,139.38,2519.0263
0,Diatoms,30.97,1678.961157142857
0,Diatoms,46.46,34.27715714285715
0,Diatoms,23.23,77.09041428571429
0,Diatoms,92.92,0.10079999999999742
0,Diatoms,13.17,908.5803571428571
0,Diatoms,36.83,3171.997157142857
0,Diatoms,92.92,449.4411571428572
0,Diatoms,11.08,8.669157142857143
0,Diatoms,46.11,81.94321428571428
0,Diatoms,46.46,0.017500000000000144
0,Diatoms,162.6,1926.9285142857138
0,Diatoms,1300.82,185077.8240571429
0,Diatoms,325.21,135973.55315714283
0,Diatoms,216.8,1678.961157142856
0,Diatoms,33.24,4813.467657142857
0,Diatoms,221.57,5066.884128571428
0,Diatoms,144.02,859.143214285714
0,Diatoms,92.92,373.03000000000014
0,Diatoms,232.29,2774.8567000000003
0,Diatoms,365.59,2538.4128571428564
0,Diatoms,664.7,12780.970300000004
0,Diatoms,642.55,70.08892857142915
0,Diatoms,332.35,13746.291428571423
0,Diatoms,44.31,232.70422857142856
0,Diatoms,37.17,16.72462857142857
0,Diatoms,44.32,7.303214285714283
0,Diatoms,22.16,157.74755714285718
0,Diatoms,418.12,22397.760228571427
0,Diatoms,92.9159999999999,508.8316801428571
0,Diatoms,232.288999999999,2774.976161285678
0,Diatoms,22.157,6307.922489142796
0,Diatoms,243.724999999999,7013.1969462856505
0,Diatoms,13.1739999999999,7593.394800142799
0,Diatoms,22.157,11.527755571428829
0,Diatoms,32.936,89.50728014285713
0,Diatoms,13.1739999999999,55.790949142857706
0,Diatoms,232.288999999999,6858.769032142801
0,Diatoms,7433.254,7407699.561603574
0,Diatoms,92.9159999999999,7697223.1363205705
0,Diatoms,88.627,2.6279315714284515
0,Diatoms,511.035999999998,25489.909040142615
0,Diatoms,22.157,34143.23952014258
0,Diatoms,633.0,11983897.285714285
0,Diatoms,1717.0,167865.14285714287
0,Diatoms,34.0,404641.28571428574
0,Diatoms,136.0,1486.2857142857142
0,Diatoms,57.8,3053.491428571428
0,Diatoms,54.4,371.57142857142856
0,Diatoms,16.32,36.48005714285715
0,Diatoms,986.0,134325.6146285714
0,Diatoms,561.0,25803.571428571428
0,Diatoms,727.6,3965.0800000000013
0,Diatoms,1047.2,14592.02285714286
0,Diatoms,20.4,90.4322285714286
0,Diatoms,15.3,15.870228571428573
0,Diatoms,14.96,0.0165142857142857
0,Diatoms,476.0,11931.57142857143
0,Diatoms,408.0,660.5714285714286
0,Diatoms,13.6,4.227657142857142
0,Diatoms,31.96,48.15565714285714
0,Diatoms,18.36,26.422857142857147
0,Diatoms,61.2,444.16822857142864
0,Diatoms,445.4,26635.891428571424
0,Diatoms,42.5,23189.772857142852
0,Diatoms,34.0,10.321428571428571
0,Diatoms,27.2,6.605714285714287
0,Diatoms,108.8,951.222857142857
0,Diatoms,34.0,158.60320000000002
0,Diatoms,30.6,1032.142857142857
0,Diatoms,1003.0,139844.62285714285
0,Diatoms,197.2,14592.022857142854
0,Diatoms,74.8,2140.2514285714283
0,Diatoms,153.0,873.6057142857144
0,Diatoms,2536.4,811513.6514285716
0,Diatoms,68.62,869991.1612000001
0,Diatoms,47.6,63.12005714285716
0,Diatoms,68.62,63.12005714285716
0,Diatoms,125.8,1587.0228571428574
0,Diatoms,28.95,1339.9889285714285
0,Diatoms,276.66,10168.12915714286
0,Diatoms,17.77,9574.861728571432
0,Diatoms,19.74,32.70241428571428
0,Diatoms,10.86,11.264914285714283
0,Diatoms,14.81,2.2289285714285727
0,Diatoms,11.19,1.872057142857144
0,Diatoms,49.35,298.7475571428572
0,Diatoms,19.74,125.25030000000002
0,Diatoms,55.33,339.50892857142856
0,Diatoms,22.13,157.4628571428572
0,Diatoms,1579.2,346352.42641428567
0,Diatoms,110.66,308087.10451428575
0,Diatoms,210.56,222.6671999999999
0,Diatoms,375.06,3865.75
0,Diatoms,269.78,1583.411200000001
0,Diatoms,1046.22,155386.14070000002
0,Diatoms,190.82,4677.5575
0,Diatoms,92.12,1391.6699999999996
0,Diatoms,1085.7,158250.89285714287
0,Diatoms,1875.3,89066.87999999998
0,Diatoms,493.5,272767.32
0,Diatoms,1710.8,211688.46999999997
0,Diatoms,592.2,178752.27999999997
0,Diatoms,151.34,154.63000000000005
0,Diatoms,55.27,1318.4921285714283
0,Diatoms,16.45,13.916699999999997
0,Diatoms,41.67,90.86405714285716
0,Diatoms,27.42,29.008928571428573
0,Diatoms,19.08,9.936514285714294
0,Diatoms,387.33,49321.465199999984
0,Diatoms,170.28,6730.100357142856
0,Diatoms,17.13,3350.7032142857142
0,Diatoms,157.44,2812.4137285714287
0,Diatoms,40.18,1964.2725142857141
0,Diatoms,16.47,80.30915714285716
0,Diatoms,14.49,3.036014285714285
0,Diatoms,210.79,24.81605714285717
0,Diatoms,55.99,3423.291428571428
0,Diatoms,12.52,269.9487
0,Diatoms,23.06,2865.1749142857147
0,Diatoms,23.82,0.08251428571428605
0,Diatoms,44.31,240.37720000000004
0,Diatoms,288.04,8486.330414285716
0,Diatoms,138.33,10535.752128571423
0,Diatoms,13.17,2237.8608000000004
0,Diatoms,4586.46,2987854.489157143
0,Diatoms,310.2,2612342.7982285717
0,Diatoms,4320.58,2297592.534914286
0,Diatoms,8300.47,2262789.2017285707
0,Diatoms,4521.9,2039655.8921285712
0,Diatoms,33.24,2878295.5136571424
0,Diatoms,11.08,70.1522285714286
0,Diatoms,55.39,21478.58035714286
0,Diatoms,118.57,1898.4969142857137
0,Diatoms,1406.96,237135.54172857146
0,Diatoms,3035.48,378868.1986285714
0,Diatoms,6243.93,1470593.0575000003
0,Diatoms,27468.7,64355837.364700004
0,Diatoms,2149.21,91582367.69430001
0,Diatoms,9320.91,7347611.555714286
0,Diatoms,691.66,10637707.9375
0,Diatoms,6824.3,6525196.580700001
0,Diatoms,19.76,6614537.801657142
0,Diatoms,790.47,55676.85772857142
0,Diatoms,354.51,27151.588800000005
0,Diatoms,22.16,15779.50321428571
0,Diatoms,108.69,1069.6344142857145
0,Diatoms,131.74,75.90035714285723
0,Diatoms,783.88,60755.22565714286
0,Diatoms,589.56,5394.323200000003
0,Diatoms,408.41,4687.90321428571
0,Diatoms,39.52,19439.97601428572
0,Diatoms,20.86,49.74222857142859
0,Diatoms,110.78,1121.9292
0,Diatoms,2173.78,670958.9280142857
0,Diatoms,296.43,503491.8603571429
0,Diatoms,65.87,7593.987657142857
0,Diatoms,44.31,66.40480000000001
0,Diatoms,1251.57,208210.95822857143
0,Diatoms,856.34,22315.250414285703
0,Diatoms,18.66,11.01262857142857
0,Diatoms,42.16,78.89285714285712
0,Diatoms,952.74,126997.85422857144
0,Diatoms,32.94,120861.71999999999
0,Diatoms,155.1,2131.8665142857144
0,Diatoms,1119.83,132957.71041428568
0,Diatoms,288.04,98839.22915714285
0,Diatoms,908.43,54983.39315714284
0,Diatoms,7245.94,5737719.000014285
0,Diatoms,217.38,7057236.5248
0,Diatoms,401.82,4859.730514285714
0,Diatoms,2791.76,815973.3148
0,Diatoms,66.47,1061029.3691571432
0,Diatoms,354.51,8486.330414285714
0,Diatoms,276.96,859.1432142857145
0,Diatoms,1008.14,76374.88462857144
0,Diatoms,2071.66,161582.1129142857
0,Diatoms,438.05,381240.2331571428
0,Diatoms,631.47,5344.4709142857155
0,Diatoms,28.0,52025.148700000005
0,Diatoms,36.23,9.676128571428563
0,Diatoms,26.35,6.204014285714286
0,Diatoms,177.86,3279.3257285714294
0,Diatoms,1063.53,112058.76412857142
0,Diatoms,221.57,101270.94880000001
0,Diatoms,265.88,280.4823
0,Diatoms,210.49,438.29315714285696
0,Diatoms,121.86,819.9396571428572
0,Diatoms,790.47,63862.76172857143
0,Diatoms,263.49,39672.56005714286
0,Diatoms,266.78,77065.83862857144
0,Diatoms,1192.29,122366.96572857142
0,Diatoms,46.11,187675.51320000002
0,Diatoms,701.54,61369.783557142844
0,Diatoms,321.27,20657.896128571425
0,Diatoms,161.39,3690.590414285714
0,Diatoms,32.94,2357.0574999999994
0,Diatoms,27.01,1470.0105142857137
0,Diatoms,16.47,15.87022857142858
0,Diatoms,132.94,166.40812857142853
0,Diatoms,786.57,61033.16812857145
0,Diatoms,997.06,6329.4342999999935
0,Diatoms,2259.99,227856.02641428565
0,Diatoms,44.31,701319.6946285713
0,Diatoms,14755.37,30916469.4748
0,Diatoms,889.27,27466961.31571429
0,Diatoms,22.16,1715.396628571429
0,Diatoms,4215.82,2523181.0032142852
0,Diatoms,230.55,2268910.9961285708
0,Diatoms,598.23,19312.654628571432
0,Diatoms,44.31,110.72365714285718
0,Diatoms,19.76,10.763200000000003
0,Diatoms,329.36,13693.165714285717
0,Diatoms,388.65,502.1862999999994
0,Diatoms,79.05,13693.165714285711
0,Diatoms,182.8,1537.723214285715
0,Diatoms,149.86,155.00622857142852
0,Diatoms,579.68,26392.17605714285
0,Diatoms,410.6,4084.0066285714247
0,Diatoms,135.04,10847.616228571434
0,Diatoms,55.39,94.72321428571429
0,Diatoms,110.78,438.2931571428571
0,Diatoms,11.08,1420.0128571428572
0,Diatoms,686.86,63118.01285714287
0,Diatoms,230.55,29745.545157142857
0,Diatoms,263.49,155.00622857142852
0,Diatoms,329.36,619.8367000000001
0,Diatoms,724.59,22315.250414285718
0,Diatoms,1515.06,89263.2601285714
0,Diatoms,121.86,1420.0128571428572
0,Diatoms,3540.63,1787539.1822285715
0,Diatoms,1053.96,883361.0984142858
0,Diatoms,23.06,151822.11571428576
0,Diatoms,13.17,13.973157142857138
0,Diatoms,69.17,448.0
0,Diatoms,39.52,155.00622857142847
0,Diatoms,476.37,27262.56035714286
0,Diatoms,1739.31,227859.63480000003
0,Diatoms,830.88,117892.15212857141
0,Diatoms,836.58,4.641428571428646
0,Diatoms,226.16,53230.36805714287
0,Diatoms,13.17,6480.677157142857
0,Diatoms,131.74,608.5961285714287
0,Diatoms,98.81,154.91212857142864
0,Diatoms,131.74,265.49601428571447
0,Diatoms,98.81,154.91212857142864
0,Diatoms,8629.26,7985436.035714285
0,Diatoms,42.82,10532421.696228573
0,Diatoms,1495.3,301385.4500571429
0,Diatoms,3095.99,366029.78229999996
0,Diatoms,110.78,1273068.3920142853
0,Diatoms,40.84,6.204014285714279
0,Diatoms,129.11,1113.0847
0,Diatoms,692.98,45421.33955714286
0,Diatoms,97.49,50658.3343
0,Diatoms,412.36,14163.302414285716
0,Diatoms,22.4,21724.11451428572
0,Diatoms,26.35,71.67999999999999
0,Diatoms,691.66,37712.91999999999
0,Diatoms,2282.15,361379.77715714293
0,Diatoms,243.73,8258.770514285714
0,Diatoms,19.76,7166.080128571428
0,Diatoms,16.47,1.5463000000000025
0,Diatoms,1218.64,206458.95841428573
0,Diatoms,4973.35,2013978.169157143
0,Diatoms,243.73,1753.4891571428568
0,Diatoms,59.29,303.8649142857143
0,Diatoms,158.09,1394.491428571429
0,Diatoms,13.17,3000.258057142858
0,Diatoms,95.52,968.7889285714284
0,Diatoms,42.16,238.2722285714285
0,Diatoms,13.17,120.06001428571425
0,Diatoms,167.97,1810.6080571428572
0,Diatoms,1350.38,199727.62972857145
0,Diatoms,4578.12,1488329.3582285712
0,Diatoms,2799.57,451891.4432142856
0,Diatoms,3491.23,68341.93651428568
0,Diatoms,6883.64,1644063.6583000005
0,Diatoms,32.94,6704584.355714287
0,Diatoms,88.63,443.05372857142856
0,Diatoms,586.26,24602.38572857143
0,Diatoms,902.45,14282.302300000005
0,Diatoms,38.21,106701.53965714286
0,Diatoms,161.39,2167.6160571428563
0,Diatoms,665.31,36276.48091428571
0,Diatoms,1174.31,37011.57142857143
0,Diatoms,724.59,28892.582628571417
0,Diatoms,253.61,31688.880057142862
0,Diatoms,154.14,1413.4687000000008
0,Diatoms,18.44,2630.641428571428
0,Diatoms,66.47,438.2931571428571
0,Diatoms,139.37,2084.317728571429
0,Diatoms,22.16,1962.597728571429
0,Diatoms,59.29,63.48091428571428
0,Diatoms,16.47,261.9360571428571
0,Diatoms,79.05,750.0645142857142
0,Diatoms,217.38,2733.5984142857137
0,Diatoms,3412.15,1458079.3361285715
0,Diatoms,1620.46,458593.29372857144
0,Diatoms,721.3,115498.38651428572
0,Diatoms,704.83,38.75155714285673
0,Diatoms,536.86,4030.5601285714297
0,Diatoms,426.85,1728.8857285714282
0,Diatoms,15.81,24136.2688
0,Diatoms,19.76,24.77841428571429
0,Diatoms,88.63,677.5824142857142
0,Diatoms,88.93,0.012857142857143832
0,Diatoms,13.17,819.9396571428572
0,Diatoms,46.46,57.20001428571427
0,Diatoms,309.72,9900.832514285717
0,Diatoms,88.63,6982.96972857143
0,Diatoms,325.21,7995.728057142856
0,Diatoms,132.94,11.700357142857134
0,Diatoms,46.46,110.96241428571427
0,Diatoms,1196.47,183879.76012857142
0,Diatoms,77.55,178854.56662857145
0,Diatoms,288.04,6329.434300000001
0,Diatoms,33.24,128.14321428571432
0,Diatoms,59.29,96.94321428571426
0,Diatoms,686.86,56263.44355714286
0,Diatoms,88.63,930.8169142857142
0,Diatoms,256.9,4044.970414285713
0,Diatoms,675.78,25065.779199999997
0,Diatoms,1086.89,24144.490300000012
0,Diatoms,892.57,5394.323200000003
0,Diatoms,183.13,71900.73051428572
0,Diatoms,200.91,45.16120000000001
0,Diatoms,89.586,1063.7584662857143
0,Diatoms,71.142,48.59730514285716
0,Diatoms,165.998,1285.380105142857
0,Diatoms,853.037,67431.79821728572
0,Diatoms,3500.775,1001502.3595205717
0,Diatoms,343.43,1424118.2070035716
0,Diatoms,265.882,859.0989005714285
0,Diatoms,1672.839,396941.75456014276
0,Diatoms,4254.107,951849.2125462858
0,Diatoms,1650.682,968260.247232143
0,Diatoms,13147.568,18882626.81385657
0,Diatoms,44.314,24527895.055502284
0,Diatoms,13.812,132.9102862857143
0,Diatoms,110.784,1420.1837765714315
0,Diatoms,511.036,22885.951929142855
0,Diatoms,44.314,31118.48932628571
0,Diatoms,199.411,3436.4399155714286
0,Diatoms,276.959999999999,859.1210572856924
0,Diatoms,642.547,19093.407795571537
0,Diatoms,166.175999999999,32418.475663000136
0,Diatoms,177.253999999999,4001.9601612856663
0,Diatoms,1495.584,248284.85555714325
0,Diatoms,1041.36999999999,29472.90825657275
0,Diatoms,675.783,19093.407795570372
0,Diatoms,310.194999999999,19093.512249142957
0,Diatoms,288.038,189637.3062892857
0,Diatoms,465.293,21677.344514285716
0,Diatoms,167.973999999999,12628.369680142941
0,Diatoms,507.216,16440.733509142952
0,Diatoms,368.884,2733.677460571428
0,Diatoms,339.242,125.52116628571424
0,Diatoms,194.982,2972.992514285715
0,Diatoms,64.555,2430.171761285714
0,Diatoms,27.666,194.39976014285725
0,Diatoms,23.06,73.80755714285715
0,Diatoms,28.98,13461.511557142856
0,Diatoms,199.41,5369.368128571428
0,Diatoms,310.2,1753.4891571428568
0,Diatoms,16.62,25.38412857142858
0,Diatoms,928.8,123063.40851428571
0,Diatoms,576.38,17742.836628571426
0,Diatoms,2902.54,773002.9065142857
0,Diatoms,13.17,1192636.9995571428
0,Diatoms,321.27,13560.801428571427
0,Diatoms,188.33,2524.7205142857133
0,Diatoms,288.04,1420.297728571429
0,Diatoms,309.6,12833.15405714286
0,Diatoms,260.85,339.50892857142856
0,Diatoms,622.49,18683.355657142856
0,Diatoms,568.15,421.83365714285765
0,Diatoms,12.85,44051.15571428571
0,Diatoms,51.38,339.3696571428572
0,Diatoms,22.4,119.97720000000004
0,Diatoms,13.17,12.170414285714283
0,Diatoms,26.35,89.50012857142858
0,Diatoms,62.58,187.51612857142854
0,Diatoms,26.35,187.51612857142854
0,Diatoms,243.73,6750.580628571428
0,Diatoms,13.17,7593.987657142857
0,Diatoms,686.86,64836.88801428572
0,Diatoms,1218.62,40395.52822857141
0,Diatoms,148.67,163541.85749999995
0,Diatoms,588.47,27632.005714285722
0,Diatoms,154.86,26859.66172857143
0,Diatoms,11.08,438.2931571428571
0,Diatoms,1207.9,205265.38801428574
0,Diatoms,13.17,203911.39612857142
0,Diatoms,4808.03,3297932.3525142856
0,Diatoms,697.94,2413262.829728571
0,Diatoms,278.75,25102.89372857144
0,Diatoms,55.25,7136.035714285715
0,Diatoms,3066.22,1295134.3344142854
0,Diatoms,59.29,1291661.1464142855
0,Diatoms,33.24,96.94321428571426
0,Diatoms,26.35,6.781728571428572
0,Diatoms,37.88,18.991557142857147
0,Diatoms,33.24,128.14321428571432
0,Diatoms,265.88,7731.624228571427
0,Diatoms,270.08,2.5199999999999863
0,Diatoms,121.21,3166.039557142857
0,Diatoms,96.83,84.91205714285711
0,Diatoms,77.07,55.77965714285717
0,Diatoms,484.16,23674.60972857143
0,Diatoms,879.39,22315.25041428571
0,Diatoms,148.21,76374.88462857142
0,Diatoms,46.77,1470.0105142857142
0,Diatoms,908.43,113487.95571428571
0,Diatoms,476.37,26667.977657142852
0,Diatoms,65.87,24072.89285714286
0,Diatoms,2182.45,639987.2709142857
0,Diatoms,2127.05,438.4514285714228
0,Diatoms,2926.84,91380.57772857141
0,Diatoms,23.23,1.3906285714285722
0,Diatoms,495.55,31869.454628571428
0,Diatoms,69.69,25908.105657142856
0,Diatoms,92.92,77.09041428571432
0,Diatoms,44.31,337.56172857142855
0,Diatoms,553.92,37100.336014285705
0,Diatoms,177.25,20268.612699999994
0,Diatoms,5156.82,3542302.4835571423
0,Diatoms,3344.96,468976.6656571427
0,Diatoms,110.78,1494274.3246285713
0,Diatoms,332.35,7013.323557142859
0,Diatoms,3212.74,1185235.2217285712
0,Diatoms,121.86,1364791.310628571
0,Diatoms,93.54,114.57462857142852
0,Diatoms,4453.52,2715632.228628572
0,Diatoms,265.88,2505189.824228572
0,Diatoms,210.49,7923.565728571428
0,Diatoms,199.41,17.53805714285718
0,Diatoms,221.57,70.15222857142855
0,Diatoms,72.46,683.498414285714
0,Diatoms,431.46,18411.571428571428
0,Diatoms,803.64,19788.278914285715
0,Diatoms,484.16,14581.067199999996
0,Diatoms,421.58,559.4652000000008
0,Diatoms,204.2,6750.580628571428
0,Diatoms,96.17,1667.2115571428567
0,Diatoms,19.762,834.0260662857144
0,Diatoms,22.157,47.34600357142857
0,Diatoms,19.762,38.742146285714284
0,Diatoms,44.314,86.11438628571429
0,Diatoms,354.509,13745.848289285714
0,Diatoms,409.901,438.3248091428571
0,Diatoms,77.549,15779.693129142854
0,Diatoms,99.706,70.13323557142856
0,Diatoms,299.117,5680.678131571428
0,Diatoms,2836.071,919447.9425879997
0,Diatoms,1951.229,111849.33785199995
0,Diatoms,1765.398,4933.308651571436
0,Diatoms,66.47,412336.6213119999
0,Diatoms,155.098,3150.7881601428585
0,Diatoms,14262.556,52108.288329143055
0,Diatoms,603.952,26651066.17554515
0,Diatoms,10635.267,14375325.804175003
0,Diatoms,4645.784,5124843.8010412855
0,Diatoms,22.157,3053989.519304142
0,Diatoms,52.698,133.250383
0,Diatoms,299.117,8674.617651571429
0,Diatoms,376.666,859.1210572857137
0,Diatoms,582.969,21577.959045142856
0,Diatoms,349.122999999999,7811.993102285784
0,Diatoms,1783.623,293970.0357142861
0,Diatoms,520.684999999999,227858.9131205718
0,Diatoms,151.506,19470.447720142758
0,Diatoms,85.634,619.8743405714285
0,Diatoms,47.428,208.52834800000002
0,Diatoms,43.476,2.231186285714284
0,Diatoms,210.791,3999.1870321428573
0,Diatoms,90.904,2053.2703955714287
0,Diatoms,8432.0,9081247.0
0,Diatoms,1615.0,6638784.142857143
0,Diatoms,21029.0,53843342.28571428
0,Diatoms,1190.0,56226560.14285714
0,Diatoms,17.0,196561.2857142857
0,Diatoms,799.0,90889.9385142857
0,Diatoms,646.0,3344.1428571428573
0,Diatoms,391.0,9289.285714285714
0,Diatoms,115.6,873.605714285714
0,Diatoms,102.0,26.42285714285712
0,Diatoms,12393.0,21581240.14285714
0,Diatoms,4420.0,9081247.0
0,Diatoms,2142.0,741326.2857142857
0,Diatoms,680.0,305349.14285714284
0,Diatoms,204.0,1486.2857142857142
0,Diatoms,884.0,66057.14285714286
0,Diatoms,34.0,103214.28571428571
0,Diatoms,68.0,165.14285714285714
0,Diatoms,697.0,56520.142857142855
0,Diatoms,20.4,65398.222857142864
0,Diatoms,3230.0,1471647.4514285715
0,Diatoms,108.8,1656.1184142857144
0,Diatoms,102.0,1388.8514285714284
0,Diatoms,714.0,53506.28571428572
0,Diatoms,27.2,67384.89142857141
0,Diatoms,68.0,237.80571428571426
0,Diatoms,952.0,111636.57142857143
0,Diatoms,272.0,66057.14285714286
0,Diatoms,17.0,371.57142857142856
0,Diatoms,4148.0,2437880.1428571427
0,Diatoms,306.0,412857.14285714284
0,Diatoms,25.16,67.6425142857143
0,Diatoms,13.6,19.090514285714285
0,Diatoms,1026.8,146653.46285714285
0,Diatoms,17.0,145670.86285714284
0,Diatoms,34.0,41.285714285714285
0,Diatoms,323.0,14283.205714285712
0,Diatoms,85.0,873.6057142857144
0,Diatoms,95.2,1276.290057142857
0,Diatoms,13.6,3.7157142857142853
0,Diatoms,11662.0,19366633.555714283
0,Diatoms,289.0,18477875.57142857
0,Diatoms,3077.0,1110420.5714285714
0,Diatoms,187.0,1193157.142857143
0,Diatoms,1632.0,298289.28571428574
0,Diatoms,42.5,360930.03571428574
0,Diatoms,91.8,347.2128571428571
0,Diatoms,357.0,10047.291428571427
0,Diatoms,34.0,14904.142857142857
0,Diatoms,146.2,1798.405714285714
0,Diatoms,17.0,2511.8228571428567
0,Diatoms,6987.0,6940128.571428572
0,Diatoms,40.8,6892813.491428571
0,Diatoms,136.0,1294.72
0,Diatoms,13.6,2140.2514285714287
0,Diatoms,10.2,1.6514285714285717
0,Diatoms,255.0,8561.005714285715
0,Diatoms,47.6,133.7657142857143
0,Diatoms,27.2,59.451428571428586
0,Diatoms,27.2,80.92
0,Diatoms,12.24,31.97165714285714
0,Diatoms,98.6,1065.4356571428573
0,Diatoms,10.88,1099.2569142857142
0,Diatoms,13.6,21.402514285714286
0,Diatoms,414.8,22994.49142857143
0,Diatoms,221.0,5365.4914285714285
0,Diatoms,51.0,4128.571428571428
0,Diatoms,1904.0,490515.5714285714
0,Diatoms,2529.6,804582.6057142856
0,Diatoms,258.4,736907.0628571428
0,Diatoms,136.0,2140.251428571428
0,Diatoms,1468.8,253765.11999999997
0,Diatoms,434.58,152801.57262857145
0,Diatoms,931.6,35289.840057142865
0,Diatoms,960.65,120.55749999999962
0,Diatoms,80.05,9653.428928571428
0,Diatoms,160.11,915.6576571428575
0,Diatoms,54.4,1596.3720142857146
0,Diatoms,674.74,54974.53080000001
0,Diatoms,510.0,3877.038228571429
0,Diatoms,74.8,27057.00571428571
0,Diatoms,125.8,467.0789142857142
0,Diatoms,108.8,41.285714285714285
0,Diatoms,274.47,3920.9355571428578
0,Diatoms,78.96,6.185200000000023
0,Diatoms,88.4,12.730514285714317
0,Diatoms,52.64,182.68251428571435
0,Diatoms,331.99,11148.06035714286
0,Diatoms,24.35,52.06115714285716
0,Diatoms,39.48,193.98892857142852
0,Diatoms,486.92,28600.3648
0,Diatoms,99.6,21430.968914285717
0,Diatoms,4638.9,2943606.355714285
0,Diatoms,409.45,2555463.9003571426
0,Diatoms,1527.14,178461.56230000002
0,Diatoms,592.2,124873.25765714287
0,Diatoms,13877.09,25212614.616014283
0,Diatoms,329.0,26221534.664014287
0,Diatoms,559.3,7576.869999999997
0,Diatoms,6448.4,4954499.829999999
0,Diatoms,3651.9,1117201.7499999995
0,Diatoms,16.45,1888070.9575000003
0,Diatoms,2039.8,584849.3175
0,Diatoms,1029.16,145913.3156571428
0,Diatoms,39.48,139923.78605714286
0,Diatoms,177.66,2727.6732
0,Diatoms,896.37,113941.69805714287
0,Diatoms,309.26,49242.59315714286
0,Diatoms,65.8,8467.538799999998
0,Diatoms,125.02,501.0012
0,Diatoms,22.37,27.284628571428573
0,Diatoms,47.38,89.35715714285716
0,Diatoms,10.97,13.303214285714287
0,Diatoms,213.85,5880.042057142857
0,Diatoms,65.8,3131.2575
0,Diatoms,13.16,395.8528
0,Diatoms,19.74,6.1851999999999965
0,Diatoms,460.6,27765.362800000003
0,Diatoms,13.16,28600.3648
0,Diatoms,131.6,2004.0048
0,Diatoms,565.88,26942.7312
0,Diatoms,131.6,26942.7312
0,Diatoms,532.98,23015.1292
0,Diatoms,3463.74,1227050.5967999997
0,Diatoms,526.4,1232566.6107999997
0,Diatoms,723.8,5566.6799999999985
0,Diatoms,3816.4,1366310.6800000002
0,Diatoms,1480.5,779489.8300000001
0,Diatoms,5987.8,2902250.47
0,Diatoms,165.99,4841924.525157144
0,Diatoms,177.06,17.506414285714264
0,Diatoms,46.06,2451.5714285714284
0,Diatoms,287.72,8342.79365714286
0,Diatoms,608.64,14712.806628571425
0,Diatoms,789.6,4678.074514285717
0,Diatoms,132.8,61626.6057142857
0,Diatoms,26.32,1619.712914285715
0,Diatoms,2352.35,772916.5086999999
0,Diatoms,13.16,781687.1223
0,Diatoms,39.48,10118003.753199998
0,Diatoms,2877.23,1150403.580357143
0,Diatoms,19.74,1166464.157157143
0,Diatoms,125.02,1583.4112
0,Diatoms,454.02,15463.0
0,Diatoms,11.52,11.290300000000002
0,Diatoms,12.52,15.87022857142857
0,Diatoms,59.29,6.18520000000001
0,Diatoms,686.86,56263.44355714286
0,Diatoms,59.29,56263.44355714286
0,Diatoms,132.94,774.9032142857144
0,Diatoms,82.34,365.7657142857142
0,Diatoms,263.49,4687.903214285715
0,Diatoms,7356.06,7186364.172128573
0,Diatoms,1728.23,4524638.644128571
0,Diatoms,395.23,253841.2857142857
0,Diatoms,188.33,4996.10572857143
0,Diatoms,131.74,457.48972857142866
0,Diatoms,30334.14,130312137.96571426
0,Diatoms,1251.57,120827982.54355714
0,Diatoms,329.36,121495.8977285714
0,Diatoms,221.57,1659.812014285715
0,Diatoms,3886.46,2150484.4595571426
0,Diatoms,736.64,1417338.0046285714
0,Diatoms,1548.0,94043.57851428572
0,Diatoms,16863.28,33508257.354057137
0,Diatoms,39.52,40434128.64822856
0,Diatoms,841.96,91987.13622857144
0,Diatoms,3425.35,953414.8417285712
0,Diatoms,199.41,1486669.8405142857
0,Diatoms,16.47,4781.006228571428
0,Diatoms,2038.43,584046.0345142857
0,Diatoms,565.0,310142.2807
0,Diatoms,309.72,9309.696914285712
0,Diatoms,26.35,11471.222414285714
0,Diatoms,13.17,24.816057142857147
0,Diatoms,158.09,3000.258057142858
0,Diatoms,13.61,15.214628571428573
0,Diatoms,110.78,1550.7937285714286
0,Diatoms,841.96,76374.88462857144
0,Diatoms,52.7,88990.1925142857
0,Diatoms,66.47,27.087557142857126
0,Diatoms,2027.35,549292.9106285714
0,Diatoms,349.12,402350.84755714284
0,Diatoms,138.33,6347.489157142857
0,Diatoms,8884.88,10928876.700357141
0,Diatoms,5295.48,1840541.7657142854
0,Diatoms,3035.25,729805.6646999997
0,Diatoms,3840.52,92637.11041428571
0,Diatoms,155.1,1940331.510914286
0,Diatoms,343.43,5066.88412857143
0,Diatoms,132.94,6329.434300000001
0,Diatoms,9068.57,11406497.642414285
0,Diatoms,22.16,11691076.269728571
0,Diatoms,587.16,45603.57142857143
0,Diatoms,3716.63,1399083.211557143
0,Diatoms,4212.18,35081.400357142884
0,Diatoms,1019.21,1456436.774414286
0,Diatoms,797.65,7012.690514285719
0,Diatoms,764.41,157.84251428571437
0,Diatoms,10685.3,14060579.770299999
0,Diatoms,44.31,16175809.740014285
0,Diatoms,398.82,17953.905728571426
0,Diatoms,1983.03,358531.61772857147
0,Diatoms,2880.39,115036.4242285714
0,Diatoms,3283.02,23158.70241428573
0,Diatoms,138.33,2605.1145142857154
0,Diatoms,2725.29,956051.7202285714
0,Diatoms,299.12,840900.1241285715
0,Diatoms,531.76,7731.624228571427
0,Diatoms,23.06,36967.955714285716
0,Diatoms,11.53,9.699657142857138
0,Diatoms,59.29,325.8596571428571
0,Diatoms,431.46,19787.215557142852
0,Diatoms,902.45,31690.225728571437
0,Diatoms,210.49,68401.23451428572
0,Diatoms,332.35,2121.408514285715
0,Diatoms,371.66,220.7537285714286
0,Diatoms,856.34,33559.243200000004
0,Diatoms,22.16,99408.03891428573
0,Diatoms,1284.51,227646.7889285714
0,Diatoms,2107.91,96855.36571428568
0,Diatoms,26.35,618984.5762285714
0,Diatoms,44.31,46.08022857142858
0,Diatoms,1185.39,186009.08091428576
0,Diatoms,4018.2,1146401.7851571424
0,Diatoms,66.47,2230881.427557143
0,Diatoms,1811.49,435013.54291428573
0,Diatoms,930.59,110854.97285714284
0,Diatoms,19.76,7166.080128571428
0,Diatoms,1927.64,520000.8706285715
0,Diatoms,1683.92,8485.63405714286
0,Diatoms,2581.27,115033.86035714284
0,Diatoms,2448.33,2524.7205142857165
0,Diatoms,853.04,363564.31201428565
0,Diatoms,105.4,79852.22422857142
0,Diatoms,1008.14,142831.4297285714
0,Diatoms,5533.26,2925244.430628571
0,Diatoms,675.78,3370730.2786285724
0,Diatoms,288.04,21477.47251428571
0,Diatoms,26.35,9783.093728571428
0,Diatoms,3161.87,1404497.9529142857
0,Diatoms,16.47,6.2040142857142815
0,Diatoms,132.94,2425.4414285714292
0,Diatoms,2536.95,825609.1542999998
0,Diatoms,653.63,506699.17462857126
0,Diatoms,1462.35,93432.57691428569
0,Diatoms,237.14,214448.5063
0,Diatoms,1861.17,376781.9201285715
0,Diatoms,819.8,154921.63955714292
0,Diatoms,39.52,86976.6969142857
0,Diatoms,3392.42,1605991.2014285715
0,Diatoms,1943.23,300021.6651571429
0,Diatoms,164.68,451891.4432142857
0,Diatoms,276.96,1800.9711999999993
0,Diatoms,592.85,14255.213157142862
0,Diatoms,2173.78,357048.523557143
0,Diatoms,476.37,411600.10115714296
0,Diatoms,33.24,28052.02812857143
0,Diatoms,66.47,157.74755714285712
0,Diatoms,362.3,12502.198414285716
0,Diatoms,99.71,9850.50115714286
0,Diatoms,5763.82,4583163.156014285
0,Diatoms,889.27,3394462.5289285704
0,Diatoms,3491.23,967170.8345142857
0,Diatoms,3886.46,22315.250414285718
0,Diatoms,592.85,1549695.2617285715
0,Diatoms,908.43,14227.24805714285
0,Diatoms,29.64,110324.5520142857
0,Diatoms,7928.8,8913818.386514286
0,Diatoms,565.0,7746507.205714286
0,Diatoms,465.29,1420.297728571428
0,Diatoms,22.16,28052.02812857143
0,Diatoms,1661.76,384041.1657142857
0,Diatoms,1418.04,8485.63405714286
0,Diatoms,3367.83,543097.2920142857
0,Diatoms,210.79,1423843.0802285713
0,Diatoms,65.87,3000.2580571428566
0,Diatoms,13.17,396.75571428571436
0,Diatoms,111.98,1738.9584142857143
0,Diatoms,46.11,619.8367000000001
0,Diatoms,59.29,24.816057142857144
0,Diatoms,1274.02,210795.56755714284
0,Diatoms,125.16,188554.18565714284
0,Diatoms,1207.55,167366.87315714284
0,Diatoms,26151.26,88884095.50915714
0,Diatoms,6746.75,53790715.47715713
0,Diatoms,2215.68,2932942.192128571
0,Diatoms,5434.46,1480077.8126285716
0,Diatoms,158.09,3977154.3395571425
0,Diatoms,118.57,223.11862857142867
0,Diatoms,487.45,19438.922057142856
0,Diatoms,110.78,20268.612699999994
0,Diatoms,686.86,47409.738057142866
0,Diatoms,398.82,11852.434514285716
0,Diatoms,177.25,7013.323557142857
0,Diatoms,1185.7,145281.62892857144
0,Diatoms,44.31,186110.16172857146
0,Diatoms,465.29,25317.737200000003
0,Diatoms,675.78,42099.56851428573
0,Diatoms,243.73,26666.743214285707
0,Diatoms,1573.13,252472.0514285715
0,Diatoms,55.39,329076.3868
0,Diatoms,2237.84,680441.143214286
0,Diatoms,1307.25,123713.96401428575
0,Diatoms,22.16,235922.3297285714
0,Diatoms,1894.41,500760.0089285714
0,Diatoms,16.47,503808.3776571429
0,Diatoms,55.39,216.39520000000002
0,Diatoms,132.94,859.1432142857142
0,Diatoms,675.78,42096.466514285705
0,Diatoms,44.31,56964.90870000001
0,Diatoms,288.04,8486.330414285716
0,Diatoms,13.17,10793.359557142858
0,Diatoms,11.53,9.699657142857138
0,Diatoms,13.17,0.3842285714285717
0,Diatoms,981.5,136238.4905142857
0,Diatoms,3367.83,813510.1241285715
0,Diatoms,830.88,919445.0432142856
0,Diatoms,243.73,49249.30321428571
0,Diatoms,542.84,12780.9703
0,Diatoms,199.41,16849.166414285723
0,Diatoms,494.04,12400.9767
0,Diatoms,23450.5,75285579.39022857
0,Diatoms,1613.87,68119772.8224143
0,Diatoms,164.68,300021.66515714274
0,Diatoms,177.25,22.572128571428546
0,Diatoms,1515.06,255676.51372857142
0,Diatoms,1580.93,619.8367000000022
0,Diatoms,520.69,158232.85051428573
0,Diatoms,2326.47,465834.4869142856
0,Diatoms,9419.72,7187742.223214285
0,Diatoms,3194.8,5535661.2866285695
0,Diatoms,187.74,1291772.8348000005
0,Diatoms,65.87,303.7331571428571
0,Diatoms,118.57,396.7557142857141
0,Diatoms,26.35,75.96622857142859
0,Diatoms,166.18,2793.204128571429
0,Diatoms,919.51,3748.2172000000005
0,Diatoms,631.47,11852.434514285711
0,Diatoms,941.66,13745.405157142852
0,Diatoms,775.49,3944.6384142857123
0,Diatoms,88.63,67396.66565714286
0,Diatoms,988.08,115572.90035714288
0,Diatoms,329.36,61987.43405714286
0,Diatoms,1473.43,186985.16641428578
0,Diatoms,1052.45,25317.737200000003
0,Diatoms,22.16,151642.49772857144
0,Diatoms,461.11,27525.300357142853
0,Diatoms,1839.02,271233.7097285714
0,Diatoms,1251.57,49299.64321428572
0,Diatoms,197.62,158687.22892857136
0,Diatoms,362.3,3874.214628571429
0,Diatoms,65.87,12552.963557142857
0,Diatoms,32.94,154.91212857142864
0,Diatoms,6257.86,5494741.642414286
0,Diatoms,2634.89,1875130.2315571425
0,Diatoms,697.94,535967.9003571428
0,Diatoms,376.67,14744.916128571433
0,Diatoms,6323.73,5052503.234799999
0,Diatoms,354.51,5090226.77262857
0,Diatoms,144.92,6275.424014285714
0,Diatoms,199.41,424.1657285714287
0,Diatoms,19.76,4610.588928571428
0,Diatoms,164.68,3000.258057142858
0,Diatoms,85.63,892.474514285714
0,Diatoms,121.86,187.51612857142862
0,Diatoms,232.65,1753.4891571428575
0,Diatoms,55.39,4488.729657142857
0,Diatoms,66.47,17.538057142857138
0,Diatoms,509.61,28053.294228571427
0,Diatoms,576.08,631.1801285714291
0,Diatoms,1976.17,280036.0011571429
0,Diatoms,5236.84,1518852.6927
0,Diatoms,10177.25,3486807.281157143
0,Diatoms,1548.0,10637707.9375
0,Diatoms,1251.57,12552.963557142863
0,Diatoms,188.33,17.53805714285709
0,Diatoms,2832.5,998804.9984142857
0,Diatoms,151.51,1026815.3400142855
0,Diatoms,476.37,15076.288514285716
0,Diatoms,2714.21,715418.2665142858
0,Diatoms,1163.23,343648.42291428574
0,Diatoms,428.17,77187.6005142857
0,Diatoms,1384.8,130734.42241428568
0,Diatoms,4314.63,942837.6800571431
0,Diatoms,118.57,2515274.2176571437
0,Diatoms,92.22,99.18892857142852
0,Diatoms,382.06,12001.032228571432
0,Diatoms,19.76,18751.61285714286
0,Diatoms,55.99,187.51612857142862
0,Diatoms,99.71,280.48230000000024
0,Diatoms,32.94,636.8904142857142
0,Diatoms,18.12,9.699657142857143
0,Diatoms,266.78,9428.229999999998
0,Diatoms,128.45,2733.5984142857137
0,Diatoms,13.17,1898.4969142857137
0,Diatoms,33.24,70.1522285714286
0,Diatoms,44.31,203.25691428571426
0,Diatoms,230.55,4955.04822857143
0,Diatoms,329.36,1394.7737285714286
0,Diatoms,465.29,22722.484628571434
0,Diatoms,12976.82,22362626.13441428
0,Diatoms,362.3,22732302.118628573
0,Diatoms,724.59,18750.577728571432
0,Diatoms,1943.23,212154.77851428566
0,Diatoms,6356.67,2782636.0905142864
0,Diatoms,39852.67,160283145.14285713
0,Diatoms,1086.89,214683671.2869143
0,Diatoms,62.58,149887.28230000005
0,Diatoms,32.94,125.50422857142858
0,Diatoms,3293.61,1518852.6927
0,Diatoms,13.17,1537326.6562285717
0,Diatoms,1548.0,341162.5042285714
0,Diatoms,4380.5,1146150.892857143
0,Diatoms,23.06,2712469.050514285
0,Diatoms,164.68,2865.1749142857147
0,Diatoms,8332.83,9531239.203214284
0,Diatoms,841.96,8016161.908128572
0,Diatoms,13.17,98127.55201428573
0,Diatoms,3190.58,1442276.3297285712
0,Diatoms,23.06,1433311.850057143
0,Diatoms,99.71,1346.0835571428568
0,Diatoms,18.44,15.840128571428576
0,Diatoms,14.49,15.87022857142857
0,Diatoms,52.7,358.0005142857143
0,Diatoms,144.92,1214.9326285714283
0,Diatoms,310.2,3902.4969142857144
0,Diatoms,3866.36,1957490.688914286
0,Diatoms,188.33,1932557.8115571432
0,Diatoms,121.86,631.1801285714289
0,Diatoms,930.59,93434.88755714287
0,Diatoms,3190.58,729650.6857285713
0,Diatoms,66.47,1394294.7560142858
0,Diatoms,210.49,2963.108628571429
0,Diatoms,6784.84,6174582.560357144
0,Diatoms,432.06,5765401.9612
0,Diatoms,790.47,18351.104014285716
0,Diatoms,19.76,84856.27201428571
0,Diatoms,132.94,1829.9589142857142
0,Diatoms,1185.7,104759.74222857144
0,Diatoms,908.43,53036.95372857142
0,Diatoms,105.4,1303.4386285714288
0,Diatoms,250.31,2999.8440142857144
0,Diatoms,23.06,7377.508928571428
0,Diatoms,13.17,13.973157142857138
0,Diatoms,59.29,437.50222857142853
0,Diatoms,13.17,20.06035714285714
0,Diatoms,11.08,0.6240142857142856
0,Diatoms,32.94,68.26565714285714
0,Diatoms,131.74,1394.491428571429
0,Diatoms,362.3,7593.987657142857
0,Diatoms,1910.29,342324.7200142857
0,Diatoms,691.66,212151.29670000004
0,Diatoms,494.04,5579.094914285712
0,Diatoms,98.81,22315.250414285718
0,Diatoms,88.63,14.80462857142859
0,Diatoms,476.37,21477.472514285713
0,Diatoms,33.24,28052.02812857143
0,Diatoms,420.98,21477.472514285713
0,Diatoms,2326.47,518698.87715714274
0,Diatoms,33.24,751271.9761285714
0,Diatoms,11.08,70.1522285714286
0,Diatoms,343.43,15779.503214285718
0,Diatoms,164.68,4564.508928571428
0,Diatoms,88.93,819.7232142857143
0,Diatoms,25360.79,91238129.69422857
0,Diatoms,299.12,12224.828700000002
0,Diatoms,52.7,8674.68805714286
0,Diatoms,29.64,75.96622857142859
0,Diatoms,110.78,28053.294228571427
0,Diatoms,77.55,719.331657142857
0,Diatoms,686.86,53036.95372857144
0,Diatoms,952.74,10098.882057142857
0,Diatoms,371.66,48236.2809142857
0,Diatoms,520.33,3157.538414285715
0,Diatoms,92.92,26097.04401428572
0,Diatoms,110.78,45.568514285714286
0,Diatoms,557.49,28507.117728571433
0,Diatoms,1861.17,242797.36320000002
0,Diatoms,4831.62,1260510.4574999998
0,Diatoms,24158.08,53358865.161657155
0,Diatoms,1163.23,75537589.5032143
0,Diatoms,22.16,186005.82069999998
0,Diatoms,88.63,631.1801285714286
0,Diatoms,66.47,70.15222857142855
0,Diatoms,3902.46,2102117.040014286
0,Diatoms,7061.59,1425728.9081285715
0,Diatoms,1484.51,310647.6624142857
0,Diatoms,1573.13,1121.929200000003
0,Diatoms,17.13,345876.5714285714
0,Diatoms,36.89,55.779657142857154
0,Diatoms,11.08,95.16515714285717
0,Diatoms,26.35,71.68000000000002
0,Diatoms,49.4,75.90035714285713
0,Diatoms,26.35,75.90035714285713
0,Diatoms,13.17,24.816057142857147
0,Diatoms,19.76,13.944914285714288
0,Diatoms,11.08,8.669157142857143
0,Diatoms,19.76,38.75155714285716
0,Diatoms,13.17,187.51612857142854
0,Diatoms,132.94,2049.2647
0,Diatoms,88.93,276.697157142857
0,Diatoms,19.76,683.4984142857144
0,Diatoms,44.31,86.10035714285713
0,Diatoms,686.86,58981.500357142846
0,Diatoms,1951.23,228375.9281285714
0,Diatoms,557.49,277501.5982285714
0,Diatoms,77.55,32906.057657142854
0,Diatoms,325.21,8762.210799999997
0,Diatoms,199.41,2699.714414285714
0,Diatoms,243.73,175329.92365714282
0,Diatoms,6380.21,5379483.827200001
0,Diatoms,3633.72,1077601.0457285715
0,Diatoms,4298.42,63118.01285714291
0,Diatoms,1746.82,930094.6514285717
0,Diatoms,4878.07,1400675.2232142857
0,Diatoms,8884.88,9759642.62765714
0,Diatoms,55.39,11137127.66572857
0,Diatoms,1606.37,343648.4229142856
0,Diatoms,503.92,173628.00035714282
0,Diatoms,1141.08,57996.12365714282
0,Diatoms,138.33,143643.93749999997
0,Diatoms,997.06,105345.3161285714
0,Diatoms,232.65,7557.800014285715
0,Diatoms,13.1739999999999,22.37503214285678
0,Diatoms,28.984,109.3518412857143
0,Diatoms,376.666,17268.96758914286
0,Diatoms,6137.435,4740922.781623
0,Diatoms,476.370999999999,4578235.087442288
0,Diatoms,1550.976,164967.98657500037
0,Diatoms,1717.152,417360.7581441429
0,Diatoms,3434.305,421230.6322012856
0,Diatoms,808.722999999999,984811.5483891434
0,Diatoms,1347.277,41434.344416571585
0,Diatoms,886.272,30360.801432142856
0,Diatoms,82.871,92207.59525728573
0,Diatoms,6491.944,5868030.959904144
0,Diatoms,88.6269999999999,5857495.514641287
0,Diatoms,2481.562,818019.7020321429
0,Diatoms,603.952,503631.3303
0,Diatoms,88.6269999999999,37937.12223214286
0,Diatoms,155.098,631.1991201428593
0,Diatoms,409.901,9274.938401285714
0,Diatoms,376.666,157.79503214285728
0,Diatoms,321.274,438.3248091428571
0,Diatoms,110.784,1551.0021155714292
0,Diatoms,908.428999999999,90891.07800357118
0,Diatoms,1063.527,3436.4842291429054
0,Diatoms,620.390999999999,28052.787785142984
0,Diatoms,797.644999999999,4488.425787999995
0,Diatoms,531.763,1245385.590089286
0,Diatoms,1728.231,204505.09643199993
0,Diatoms,210.49,329076.8204401429
0,Diatoms,88.6269999999999,2121.5129670000038
0,Diatoms,29.6419999999999,497.03288928571425
0,Diatoms,321.274,12149.889060571439
0,Diatoms,16.468,13272.385376571427
0,Diatoms,59.2849999999999,261.8993555714273
0,Diatoms,11.86,709.6329142857143
0,Diatoms,1063.53,128172.39772857144
0,Diatoms,2891.46,477332.5835571429
0,Diatoms,22.16,1176126.07
0,Diatoms,696.87,35352.350228571435
0,Diatoms,3592.74,1198009.0081285713
0,Diatoms,88.93,892.7003571428575
0,Diatoms,46.46,257.67155714285724
0,Diatoms,1434.65,291336.4805142858
0,Diatoms,35.57,279632.12091428577
0,Diatoms,111.98,1687.645157142857
0,Diatoms,1268.04,190924.9605142857
0,Diatoms,243.73,149887.2823
0,Diatoms,254.8,8801.172014285714
0,Diatoms,1008.14,81074.45079999998
0,Diatoms,2060.58,158232.85051428573
0,Diatoms,16.47,24.816057142857144
0,Diatoms,71.14,358.0005142857143
0,Diatoms,46.11,89.50012857142858
0,Diatoms,36.89,12.14405714285714
0,Diatoms,26.35,15.87022857142857
0,Diatoms,55.99,125.50422857142858
0,Diatoms,105.4,348.7640142857143
0,Diatoms,520.69,24637.969157142867
0,Diatoms,13.17,36796.65005714286
0,Diatoms,1816.86,464756.8022999999
0,Diatoms,1927.64,1753.172628571435
0,Diatoms,260.16,397212.79291428573
0,Diatoms,1269.85,145639.12801428567
0,Diatoms,216.8,158416.32892857143
0,Diatoms,132.94,438.2931571428571
0,Diatoms,210.49,859.1432142857145
0,Diatoms,32.94,4503.4289285714285
0,Diatoms,418.12,21194.80462857143
0,Diatoms,929.16,37308.840228571426
0,Diatoms,487.81,27827.117499999997
0,Diatoms,3275.28,1109998.4287000003
0,Diatoms,278.75,6560.029157142859
0,Diatoms,29.64,8865.113157142858
0,Diatoms,39.52,13.944914285714292
0,Diatoms,864.12,97137.88
0,Diatoms,853.04,17.538057142857273
0,Diatoms,4274.12,1671969.7666285713
0,Diatoms,18.42,2587283.2128571426
0,Diatoms,371.66,17825.499657142856
0,Diatoms,243.73,2338.01212857143
0,Diatoms,365.59,2121.408514285714
0,Diatoms,243.73,2121.408514285714
0,Diatoms,110.78,1650.5857285714285
0,Diatoms,49.85,530.3521285714286
0,Diatoms,19.76,129.34401428571428
0,Diatoms,675.78,16849.166414285708
0,Diatoms,79.05,50869.52755714286
0,Diatoms,4154.4,2372639.6603571423
0,Diatoms,3833.13,14744.916128571384
0,Diatoms,1626.02,695904.9360142859
0,Diatoms,46.46,356429.9705142857
0,Diatoms,343.43,12598.740128571431
0,Diatoms,335.95,7.992914285714325
0,Diatoms,4041.83,1961935.2249142858
0,Diatoms,720.1,1576270.0275571428
0,Diatoms,557.49,3777.4303000000004
0,Diatoms,46.46,37307.38012857143
0,Diatoms,836.24,89107.49262857143
0,Diatoms,265.88,46472.9328
0,Diatoms,3279.21,1297165.3841285713
0,Diatoms,332.35,1240569.1228
0,Diatoms,33.24,1354707.2448
0,Diatoms,22.16,17.53805714285715
0,Diatoms,110.78,1711.6416571428574
0,Diatoms,886.27,85912.10572857143
0,Diatoms,65.87,96150.87999999999
0,Diatoms,891.99,97496.32205714285
0,Diatoms,66.47,97354.75291428571
0,Diatoms,841.96,85912.10572857143
0,Diatoms,1351.57,37100.3360142857
0,Diatoms,44.31,244132.67251428572
0,Diatoms,46.46,0.6603571428571421
0,Diatoms,32.936,125.52116628571427
0,Diatoms,174.561,2865.3772321428573
0,Diatoms,306.305999999999,2479.5350035713914
0,Diatoms,72.459,7812.059915571363
0,Diatoms,121.861999999999,348.66520128570016
0,Diatoms,188.333,631.1991201428762
0,Diatoms,1562.055,269587.447612
0,Diatoms,132.941,291766.6892851429
0,Diatoms,99.706,157.79503214285714
0,Diatoms,254.803,3436.4399155714277
0,Diatoms,753.331,35504.309540571434
0,Diatoms,789.783,189.82118628571428
0,Diatoms,882.698999999999,1233.340436571403
0,Diatoms,686.860999999999,5478.931749142861
0,Diatoms,22.157,63118.772516571225
0,Diatoms,44.314,70.13323557142857
0,Diatoms,487.45,28052.787785142853
0,Diatoms,2946.855,864096.1362892858
0,Diatoms,1486.651,123333.24723557143
0,Diatoms,139.374,259307.90210414288
0,Diatoms,1949.799,468234.09723214287
0,Diatoms,1997.687,327.60864914285605
0,Diatoms,55.392,538929.9810035714
0,Diatoms,23.055,149.38308128571433
0,Diatoms,177.253999999999,3396.76165728567
0,Diatoms,1528.82,260961.5217651432
0,Diatoms,132.941,278354.0260915714
0,Diatoms,221.568,6602.404337285715
0,Diatoms,1152.154,123712.90048514286
0,Diatoms,23.055,182123.50740014281
0,Diatoms,14.492,10.474995571428568
0,Diatoms,30.301,120.01032228571428
0,Diatoms,28.984,0.2477841428571416
0,Diatoms,221.0,2642.285714285714
0,Diatoms,197.4,3851.6628571428564
0,Diatoms,166.18,1753.4891571428575
0,Diatoms,65.87,223775.3521285715
0,Diatoms,4578.12,2908628.5803571427
0,Diatoms,875.19,1958812.9407
0,Diatoms,592.85,8865.113157142858
0,Diatoms,757.53,3874.214628571426
0,Diatoms,376.666,7732.089515571429
0,Diatoms,121.861999999999,9275.011202285787
0,Diatoms,929.157,93103.60243214307
0,Diatoms,464.577999999999,15847.660926999995
0,Diatoms,299.12,2963.108628571429
0,Diatoms,88.63,438.29315714285707
0,Diatoms,42.82,299.79372857142846
0,Diatoms,836.24,89930.75662857143
0,Diatoms,232.65,14744.916128571425
0,Diatoms,975.62,78857.77441428571
0,Diatoms,278.75,69375.39955714285
0,Diatoms,354.509,14471.645977285714
0,Diatoms,1019.213,63118.772516571415
0,Diatoms,68.0,634.4128000000001
0,Diatoms,21.76,21.402514285714293
0,Diatoms,8976.0,9671426.285714285
0,Diatoms,68.0,11336066.285714285
0,Diatoms,47.6,26.422857142857147
0,Diatoms,22.1,49.9557142857143
0,Diatoms,44.2,69.77285714285715
0,Diatoms,17.0,21.402514285714286
0,Diatoms,170.0,79929.14285714286
0,Diatoms,74.8,1294.72
0,Diatoms,13.6,535.0628571428571
0,Diatoms,125.8,2140.2514285714283
0,Diatoms,782.0,61514.06285714287
0,Diatoms,47.6,77049.05142857143
0,Diatoms,690.9,48096.92251428572
0,Diatoms,148.05,42098.01749999998
0,Diatoms,394.8,8697.9375
0,Diatoms,32.9,18710.230000000003
0,Diatoms,11.07,69.9624142857143
0,Diatoms,49.4,348.7640142857143
0,Diatoms,299.12,8908.582628571428
0,Diatoms,988.08,67809.41165714286
0,Diatoms,592.85,22315.250414285718
0,Diatoms,288.04,13272.73372857143
0,Diatoms,121.86,3945.1132000000002
0,Diatoms,110.78,17.538057142857138
0,Diatoms,197.62,1077.3122285714287
0,Diatoms,210.49,23.662414285714302
0,Diatoms,2865.44,1006965.6432142856
0,Diatoms,494.04,803362.5657142858
0,Diatoms,199.41,5066.884128571428
0,Diatoms,16.47,4781.006228571428
0,Diatoms,199.41,4488.223214285715
0,Diatoms,88.63,10098.882057142857
0,Diatoms,65.87,74.00251428571423
0,Diatoms,260.16,6655.88892857143
0,Diatoms,1971.96,418608.46285714285
0,Diatoms,2973.3,143240.25651428575
0,Diatoms,6597.01,1875896.3091571429
0,Diatoms,55.39,6113256.032057143
0,Diatoms,1118.92,549292.9106285715
0,Diatoms,1238.88,2055.771657142858
0,Diatoms,288.04,129156.67222857146
0,Diatoms,553.92,10098.882057142853
0,Diatoms,33.24,17.53805714285715
0,Diatoms,77.55,280.48229999999995
0,Diatoms,13.17,592.1120571428571
0,Diatoms,69.69,456.35862857142854
0,Diatoms,61.94,214.06629999999993
0,Diatoms,155.098,63118.772516571415
0,Diatoms,138.33,2324.1432142857134
0,Diatoms,44.31,1262.8229142857144
0,Diatoms,764.41,12781.82491428571
0,Diatoms,650.41,1856.5714285714287
0,Diatoms,55.392,16849.26453728571
0,Diatoms,11.0779999999999,280.53294228571565
0,Diatoms,26.349,892.6100165714284
0,Diatoms,26.32,13.916700000000004
0,Diatoms,44.31,6862.838914285714
0,Diatoms,5583.52,2625910.003214286
0,Diatoms,681.38,3432996.654228572
0,Diatoms,121.86,1121.9292
0,Diatoms,44.31,859.1432142857142
0,Diatoms,210.49,1420.297728571429
0,Diatoms,395.23,19883.032128571427
0,Diatoms,121.86,10675.879557142858
0,Diatoms,46.11,1696.9742999999999
0,Diatoms,102.1,447.8400142857142
0,Diatoms,55.39,53036.95372857144
0,Diatoms,1728.23,399770.5236571428
0,Diatoms,33.24,70.08892857142857
0,Diatoms,362.3,9918.140014285715
0,Diatoms,44.31,157.74755714285718
0,Diatoms,658.72,53928.52115714287
0,Diatoms,44.31,53928.52115714287
0,Diatoms,32.94,18.468128571428586
0,Diatoms,26.35,2733.598414285715
0,Diatoms,55.39,8300.04022857143
0,Diatoms,1383.32,104759.74222857141
0,Diatoms,559.91,44260.832057142856
0,Diatoms,164.68,155.00622857142852
0,Diatoms,155.1,1239.8265142857142
0,Diatoms,188.333,24677.02188014286
0,Diatoms,867.0,312491.5714285714
0,Diatoms,34.0,2642.285714285714
0,Diatoms,74.8,279.0914285714286
0,Diatoms,191.77,67.70470000000007
0,Diatoms,71.4,2069.848128571429
0,Diatoms,12682.0,22718176.051428575
0,Diatoms,295.8,9791.320000000002
0,Diatoms,751.4,73523.25142857143
0,Diatoms,17.0,1.6514285714285717
0,Diatoms,20.4,59.451428571428565
0,Diatoms,30.6,14.862857142857152
0,Diatoms,210.8,6266.444799999999
0,Diatoms,27.2,165.14285714285714
0,Diatoms,85.0,477.2628571428571
0,Diatoms,68.0,41.285714285714285
0,Diatoms,34.0,165.14285714285714
0,Diatoms,40.8,199.82285714285715
0,Diatoms,13.6,5280.008928571428
0,Diatoms,57.18,271.31662857142857
0,Diatoms,34.0,76.75891428571428
0,Diatoms,40.8,6.60571428571428
0,Diatoms,13.16,222.66720000000007
0,Diatoms,34.0,62.043657142857136
0,Diatoms,154.93,2739.5300571428575
0,Diatoms,493.5,16375.663557142858
0,Diatoms,16.45,32510.9575
0,Diatoms,32.9,38.65749999999999
0,Diatoms,65.8,154.62999999999997
0,Diatoms,19.74,180.9497285714286
0,Diatoms,164.5,154.63000000000005
0,Diatoms,361.9,5566.6799999999985
0,Diatoms,88.53,10675.879557142858
0,Diatoms,143.86,437.34412857142877
0,Diatoms,128.31,34.543214285714335
0,Diatoms,5132.4,2754361.388799999
0,Diatoms,11.07,3746860.1384142856
0,Diatoms,13.16,4849.1968
0,Diatoms,72.38,618.5199999999999
0,Diatoms,428.17,21049.78565714286
0,Diatoms,131.74,1715.396628571429
0,Diatoms,736.64,6279.616514285713
0,Diatoms,494.04,8407.822857142854
0,Diatoms,65.87,26189.93555714286
0,Diatoms,22.16,1478.4275571428573
0,Diatoms,77.55,12357.241728571431
0,Diatoms,299.12,7013.323557142857
0,Diatoms,3270.63,1261410.240014286
0,Diatoms,185.83,1359427.2914285716
0,Diatoms,299.12,1833.5177285714285
0,Diatoms,2326.47,587164.0032142856
0,Diatoms,99.71,708351.4425142856
0,Diatoms,743.33,59178.100628571425
0,Diatoms,188.33,4718.489657142857
0,Diatoms,2248.92,606575.8783000001
0,Diatoms,553.92,410432.14285714284
0,Diatoms,243.73,13745.405157142852
0,Diatoms,1041.37,90889.93851428569
0,Diatoms,164.68,1084.5195571428574
0,Diatoms,144.02,60.976514285714266
0,Diatoms,110.78,157.84251428571437
0,Diatoms,49.4,209.77462857142856
0,Diatoms,131.74,2479.723214285714
0,Diatoms,395.23,9918.140014285715
0,Diatoms,11.08,3759923.5803571427
0,Diatoms,243.73,7732.288928571427
0,Diatoms,88.63,70.15222857142855
0,Diatoms,592.85,36319.68691428572
0,Diatoms,66.47,39582.27205714286
0,Diatoms,343.43,10958.12022857143
0,Diatoms,11.08,2079.8336571428576
0,Diatoms,288.04,10958.12022857143
0,Diatoms,44.31,8486.330414285716
0,Diatoms,461.11,1303.4386285714297
0,Diatoms,22.16,16.601199999999995
0,Diatoms,19.76,0.822857142857142
0,Diatoms,44.31,86.10035714285713
0,Diatoms,46.11,0.46285714285714136
0,Diatoms,625.79,22316.37965714285
0,Diatoms,526.98,1394.773728571427
0,Diatoms,79.05,28663.0407
0,Diatoms,55.39,70.15222857142855
0,Diatoms,131.74,832.7603571428573
0,Diatoms,221.57,1152.7755571428568
0,Diatoms,3128.93,1054762.6961285714
0,Diatoms,39.52,1363493.4497285713
0,Diatoms,42.82,1.555714285714283
0,Diatoms,191.03,3138.0291571428575
0,Diatoms,52.7,155.00622857142852
0,Diatoms,177.25,2962.697157142857
0,Diatoms,22.16,3436.1297285714286
0,Diatoms,98.81,55942.94405714285
0,Diatoms,395.23,20852.8348
0,Diatoms,354.51,236.87405714285745
0,Diatoms,155.1,2121.408514285714
0,Diatoms,22.16,2901.7072000000003
0,Diatoms,32.94,3167300.329200001
0,Diatoms,4281.69,2606908.668014285
0,Diatoms,65.87,2539019.7531999997
0,Diatoms,418.12,9882.788628571428
0,Diatoms,278.75,2774.8567000000003
0,Diatoms,32.94,38.75155714285713
0,Diatoms,185.83,3826.838414285715
0,Diatoms,61.94,2192.6760142857147
0,Diatoms,33.24,117.66999999999996
0,Diatoms,139.37,1609.082414285714
0,Diatoms,278.75,2775.254914285714
0,Diatoms,88.63,5163.6592
0,Diatoms,61.94,101.76515714285712
0,Diatoms,398.82,17953.905728571426
0,Diatoms,309.72,13241.400357142862
0,Diatoms,841.96,40468.48822857143
0,Diatoms,44.314,70.13323557142857
0,Diatoms,310.194999999999,11406.624291571348
0,Diatoms,77.549,7732.023045142792
0,Diatoms,443.136,19093.407795571427
0,Diatoms,418.120999999999,89.3928892857215
0,Diatoms,376.666,245.5024321428455
0,Diatoms,132.941,8485.982232142856
0,Diatoms,22.157,1753.2992365714288
0,Diatoms,132.941,24002.6899715713
0,Diatoms,371.66,8141.03405714286
0,Diatoms,495.55,2192.676014285714
0,Diatoms,62.58,447.8400142857142
0,Diatoms,22.16,214.73041428571423
0,Diatoms,123.89,1233.4466285714286
0,Diatoms,55.39,670.3214285714286
0,Diatoms,44.31,17.538057142857138
0,Diatoms,33.24,17.50641428571429
0,Diatoms,66.47,157.74755714285712
0,Diatoms,171.27,1014.0089285714286
0,Diatoms,66.47,1569.0057142857147
0,Diatoms,23.06,31.418414285714277
0,Diatoms,13.17,1.7003571428571438
0,Diatoms,32.94,160.6087
0,Diatoms,185.83,3339.336014285715
0,Diatoms,46.46,0.6603571428571421
0,Diatoms,22.16,84.35571428571428
0,Diatoms,22.16,32.18572857142858
0,Diatoms,132.94,1753.1726285714285
0,Diatoms,11.08,2121.4085142857143
0,Diatoms,66.47,438.2931571428571
0,Diatoms,185.83,2035.258514285715
0,Diatoms,77.549,167833.2438012857
0,Diatoms,44.314,343646.650368
0,Diatoms,22.157,2121.4781491428575
0,Diatoms,11.857,6.198366999999999
0,Diatoms,10.54,2.232315571428571
0,Diatoms,68.0,371.57142857142856
0,Diatoms,187.0,2023.0
0,Diatoms,68.0,2023.0
0,Diatoms,1870.0,463886.28571428574
0,Diatoms,68.0,463886.28571428574
0,Diatoms,68.0,41.285714285714285
0,Diatoms,34.0,165.14285714285714
0,Diatoms,47.6,26.422857142857147
0,Diatoms,13.6,165.14285714285714
0,Diatoms,27.2,100.47291428571428
0,Diatoms,94.52,1177.2869142857144
0,Diatoms,13.6,6.605714285714285
0,Diatoms,68.0,422.76571428571424
0,Diatoms,170.0,1486.2857142857142
0,Diatoms,272.0,1486.2857142857142
0,Diatoms,34.0,8092.0
0,Diatoms,748.0,72828.0
0,Diatoms,1921.0,196561.2857142857
0,Diatoms,459.0,305349.14285714284
0,Diatoms,340.0,2023.0
0,Diatoms,91.8,8800.462857142857
0,Diatoms,2074.0,561302.4057142858
0,Diatoms,40.8,212.0801285714285
0,Diatoms,10.2,11.163657142857144
0,Diatoms,10.88,0.06605714285714315
0,Diatoms,11.9,17.984057142857147
0,Diatoms,20.4,6.605714285714284
0,Diatoms,51.0,133.7657142857143
0,Diatoms,136.0,1032.142857142857
0,Diatoms,612.0,32368.0
0,Diatoms,119.0,34721.28571428572
0,Diatoms,646.0,39675.57142857143
0,Diatoms,1428.0,87360.57142857143
0,Diatoms,17.0,284417.28571428574
0,Diatoms,20.4,5748.622857142857
0,Diatoms,13.6,6.605714285714284
0,Diatoms,697.0,66719.36571428571
0,Diatoms,190.4,36663.36571428572
0,Diatoms,663.0,61514.06285714287
0,Diatoms,68.0,50575.0
0,Diatoms,34.0,165.14285714285714
0,Diatoms,13.6,59.451428571428565
0,Diatoms,20.4,55.55405714285713
0,Diatoms,51.0,323.68
0,Diatoms,17.0,165.14285714285714
0,Diatoms,102.0,1032.142857142857
0,Diatoms,17.0,199.82285714285715
0,Diatoms,34.0,41.285714285714285
0,Diatoms,13.6,3.7157142857142853
0,Diatoms,34.0,105.69142857142856
0,Diatoms,153.0,2023.0
0,Diatoms,10.2,6.605714285714284
0,Diatoms,27.2,26.42285714285714
0,Diatoms,13.6,21.402514285714286
0,Diatoms,47.6,237.80571428571434
0,Diatoms,13.6,6.605714285714285
0,Diatoms,20.4,6.605714285714284
0,Diatoms,10.2,14.862857142857141
0,Diatoms,45.75,49.157500000000006
0,Diatoms,13.6,6.605714285714285
0,Diatoms,32.9,160.32142857142864
0,Diatoms,49.35,38.65750000000001
0,Diatoms,164.5,3131.2575
0,Diatoms,22.13,2895.6024142857145
0,Diatoms,11.07,8.646914285714287
0,Diatoms,19.74,10.738414285714281
0,Diatoms,15.13,8.893157142857143
0,Diatoms,32.9,144.4628571428571
0,Diatoms,46.06,24.740800000000014
0,Diatoms,32.9,75.7687
0,Diatoms,78.96,303.0747999999999
0,Diatoms,23.03,24.740800000000007
0,Diatoms,65.8,15.660128571428569
0,Diatoms,66.4,0.05142857142857289
0,Diatoms,44.27,69.9624142857143
0,Diatoms,98.7,423.2321285714285
0,Diatoms,55.33,268.70812857142863
0,Diatoms,39.48,35.88892857142858
0,Diatoms,49.35,13.916700000000011
0,Diatoms,11.07,2.880014285714286
0,Diatoms,32.94,16.601199999999995
0,Diatoms,22.16,58.17605714285714
0,Diatoms,32.94,16.601199999999995
0,Diatoms,494.04,30373.315714285716
0,Diatoms,164.68,15496.858514285716
0,Diatoms,82.34,968.5536571428572
0,Diatoms,44.31,206.61155714285715
0,Diatoms,65.87,66.40480000000001
0,Diatoms,2569.02,895108.5603571429
0,Diatoms,184.16,812508.1742285715
0,Diatoms,263.49,899.0355571428574
0,Diatoms,592.85,15496.858514285716
0,Diatoms,13.17,48004.12891428573
0,Diatoms,44.31,138.5285142857143
0,Diatoms,65.87,66.40480000000001
0,Diatoms,11.08,428.8491571428572
0,Diatoms,14.49,22.357157142857144
0,Diatoms,19.76,43.50035714285716
0,Diatoms,11.08,2.880014285714286
0,Diatoms,44.31,70.15222857142855
0,Diatoms,553.92,37100.336014285705
0,Diatoms,557.49,1.8207000000000508
0,Diatoms,495.55,548.0805142857142
0,Diatoms,66.47,26301.37805714286
0,Diatoms,310.2,8486.330414285714
0,Diatoms,199.41,1753.4891571428568
0,Diatoms,334.5,2607.0440142857146
0,Diatoms,99.71,7875.192014285715
0,Diatoms,88.63,17.538057142857138
0,Diatoms,631.83,42152.32000000001
0,Diatoms,2229.98,364869.0603571429
0,Diatoms,553.92,401311.0176571428
0,Diatoms,44.31,37100.336014285705
0,Diatoms,132.94,70.15222857142855
0,Diatoms,155.1,70.15222857142855
0,Diatoms,32272.71,147362981.7303
0,Diatoms,16.47,148637859.84822854
0,Diatoms,23.06,6.204014285714286
0,Diatoms,66.47,269.2040142857142
0,Diatoms,11.08,428.8491571428572
0,Diatoms,22.16,17.538057142857145
0,Diatoms,144.02,2121.408514285715
0,Diatoms,66.47,859.1432142857145
0,Diatoms,26.35,229.94491428571425
0,Diatoms,296.43,2853.4527000000007
0,Diatoms,166.18,2423.5803571428573
0,Diatoms,144.02,70.15222857142855
0,Diatoms,19.76,2205.7925142857143
0,Diatoms,98.81,892.700357142857
0,Diatoms,16.47,38.75155714285713
0,Diatoms,790.47,81913.89612857143
0,Diatoms,32.94,81978.8144142857
0,Diatoms,230.55,5578.5303
0,Diatoms,164.68,619.8367000000001
0,Diatoms,494.04,15496.858514285716
0,Diatoms,3567.25,30110.401428571415
0,Diatoms,10280.76,6438745.217157143
0,Diatoms,188.33,14551020.472128572
0,Diatoms,2902.54,1052419.4177285715
0,Diatoms,2259.99,58981.50035714289
0,Diatoms,576.08,405078.98401428567
0,Diatoms,82.34,34825.59822857143
0,Diatoms,15.81,20.09422857142857
0,Diatoms,11.08,2.880014285714286
0,Diatoms,32.94,68.26565714285714
0,Diatoms,33.24,0.012857142857143223
0,Diatoms,310.2,11852.434514285711
0,Diatoms,2503.72,687361.4271999999
0,Diatoms,332.35,673549.6681285714
0,Diatoms,22.16,34.632128571428574
0,Diatoms,11.08,17.538057142857145
0,Diatoms,16.47,6.2040142857142815
0,Diatoms,13.17,3.4862285714285703
0,Diatoms,65.87,428.8491571428572
0,Diatoms,263.49,5579.094914285714
0,Diatoms,65.87,5579.094914285714
0,Diatoms,131.74,2357.0575000000003
0,Diatoms,66.47,512.2306285714285
0,Diatoms,55.39,17.538057142857138
0,Diatoms,132.94,859.1432142857142
0,Diatoms,197.62,597.6432000000002
0,Diatoms,98.81,1394.7737285714286
0,Diatoms,59.29,223.11862857142862
0,Diatoms,14.49,286.71999999999997
0,Diatoms,13.17,0.24891428571428584
0,Diatoms,65.87,447.84001428571435
0,Diatoms,23.06,55.83612857142857
0,Diatoms,22.16,0.11571428571428534
0,Diatoms,13.17,13.944914285714281
0,Diatoms,13.17,1.5462999999999991
0,Diatoms,39.52,99.18892857142859
0,Diatoms,22.16,43.05280000000001
0,Diatoms,32.94,154.91212857142864
0,Diatoms,33.24,0.012857142857143223
0,Diatoms,166.18,2524.720514285714
0,Diatoms,11.08,3436.5728571428567
0,Diatoms,98.81,1099.5075571428572
0,Diatoms,254.8,3476.1257285714287
0,Diatoms,477.57,7089.496128571428
0,Diatoms,115.28,18750.577728571425
0,Diatoms,230.55,1898.1675571428575
0,Diatoms,197.62,5394.878414285716
0,Diatoms,32.94,3874.214628571429
0,Diatoms,22.16,16.601199999999995
0,Diatoms,44.31,70.08892857142858
0,Diatoms,98.81,424.32142857142856
0,Diatoms,22.16,839.3175000000001
0,Diatoms,13.17,6.1852
0,Diatoms,11.08,8.669157142857143
0,Diatoms,197.62,620.0249142857141
0,Diatoms,461.11,9918.140014285715
0,Diatoms,362.3,1394.7737285714286
0,Diatoms,395.23,154.91212857142864
0,Diatoms,19.76,20139.674414285717
0,Diatoms,22.16,0.822857142857142
0,Diatoms,11.08,33.310414285714295
0,Diatoms,66.47,438.2931571428571
0,Diatoms,11.08,438.2931571428571
0,Diatoms,13.17,0.6240142857142856
0,Diatoms,12.08,0.6914285714285711
0,Diatoms,13.17,13.944914285714281
0,Diatoms,22.16,34.632128571428574
0,Diatoms,11.08,17.538057142857145
0,Diatoms,98.81,424.32142857142856
0,Diatoms,559.91,30373.31571428571
0,Diatoms,461.11,1394.4914285714274
0,Diatoms,329.36,2479.723214285714
0,Diatoms,197.62,2479.3468000000003
0,Diatoms,1976.17,451891.44321428577
0,Diatoms,922.21,158690.24022857143
0,Diatoms,26.35,114652.1628
0,Diatoms,13.17,24.816057142857147
0,Diatoms,988.08,135778.5011571429
0,Diatoms,2601.95,964229.1428571428
0,Diatoms,1778.55,96855.36571428568
0,Diatoms,52.7,425508.31749999995
0,Diatoms,98.81,303.7331571428571
0,Diatoms,395.23,12552.11662857143
0,Diatoms,110.78,11558.82892857143
0,Diatoms,121.86,13.944914285714313
0,Diatoms,22.16,1420.0128571428572
0,Diatoms,11.08,17.538057142857145
0,Diatoms,99.71,1122.1824142857142
0,Diatoms,354.51,9274.720000000001
0,Diatoms,420.98,631.1801285714291
0,Diatoms,33.24,21477.472514285713
0,Diatoms,115.28,961.5087999999998
0,Diatoms,33.24,151.63662857142862
0,Diatoms,88.63,438.29315714285707
0,Diatoms,65.87,447.84001428571435
0,Diatoms,13.17,396.75571428571436
0,Diatoms,26.35,24.816057142857147
0,Diatoms,164.68,3138.0291571428575
0,Diatoms,131.74,155.00622857142852
0,Diatoms,230.55,5578.5303
0,Diatoms,44.31,4955.04822857143
0,Diatoms,22.16,70.08892857142858
0,Diatoms,55.39,157.74755714285718
0,Diatoms,66.47,17.538057142857138
0,Diatoms,199.41,2524.720514285714
0,Diatoms,55.39,2963.1086285714277
0,Diatoms,88.63,157.84251428571423
0,Diatoms,22.16,631.1801285714286
0,Diatoms,32.94,16.601199999999995
0,Diatoms,22.16,34.632128571428574
0,Diatoms,23.06,0.11571428571428534
0,Diatoms,32.94,142.8320571428571
0,Diatoms,11.08,0.6240142857142856
0,Diatoms,148.67,1555.858514285714
0,Diatoms,709.02,44856.0175
0,Diatoms,1068.53,18463.92001428571
0,Diatoms,2973.3,518306.96470000007
0,Diatoms,520.69,859327.973157143
0,Diatoms,465.29,438.4514285714291
0,Diatoms,276.96,5066.884128571431
0,Diatoms,155.1,2121.408514285714
0,Diatoms,1672.48,328920.29491428577
0,Diatoms,743.33,123331.38892857141
0,Diatoms,26.35,73437.18862857143
0,Diatoms,1174.31,188258.88022857142
0,Diatoms,952.74,7013.323557142853
0,Diatoms,31.62,121208.86491428572
0,Diatoms,12.52,52.1157142857143
0,Diatoms,23.06,1.5463000000000025
0,Diatoms,13.17,13.973157142857138
0,Diatoms,19.76,38.75155714285716
0,Diatoms,22.16,0.822857142857142
0,Diatoms,23.06,0.11571428571428534
0,Diatoms,16.47,6.204014285714286
0,Diatoms,61.94,458.7841285714286
0,Diatoms,22.16,226.06405714285714
0,Diatoms,88.63,1040.4165142857141
0,Diatoms,44.31,203.25691428571426
0,Diatoms,42.817,201.39674414285713
0,Diatoms,44.314,248.16272014285715
0,Diatoms,33.2349999999999,17.53172628571397
0,Diatoms,33.2349999999999,122.49915557142775
0,Diatoms,88.6269999999999,438.3248091428571
0,Diatoms,22.157,631.1801285714266
0,Diatoms,44.314,132.9102862857143
0,Diatoms,88.6269999999999,280.52028128571294
0,Diatoms,325.204999999999,7995.592869142798
0,Diatoms,22.157,13119.72718628563
0,Diatoms,221.568,5680.678131571428
0,Diatoms,110.784,1753.2992365714288
0,Diatoms,243.724999999999,2524.758497285676
0,Diatoms,44.314,5680.678131571372
0,Diatoms,487.45,21477.915648
0,Diatoms,321.274,3944.9232822857134
0,Diatoms,886.272,45603.24857200001
0,Diatoms,1440.193,295766.30619657144
0,Diatoms,476.371,132707.54966914287
0,Diatoms,1141.075,63118.772516571444
0,Diatoms,166.175999999999,135775.4371715717
0,Diatoms,55.392,1753.2992365713967
0,Diatoms,77.549,719.3722062857147
0,Diatoms,19.762,477.04819557142866
0,Diatoms,265.88,8875.792514285715
0,Diatoms,509.61,8486.330414285716
0,Diatoms,443.14,631.1801285714291
0,Diatoms,1579.57,92363.52091428569
0,Diatoms,1114.99,30833.510914285704
0,Diatoms,72.46,155266.97155714285
0,Diatoms,46.11,99.18892857142852
0,Diatoms,185.83,2788.811200000001
0,Diatoms,13.17,4258.78222857143
0,Diatoms,121.86,1687.645157142857
0,Diatoms,72.46,670.5171571428571
0,Diatoms,102.1,125.50422857142858
0,Diatoms,77.55,86.10035714285712
0,Diatoms,29.64,327.9097285714285
0,Diatoms,66.47,193.77841428571426
0,Diatoms,44.31,70.15222857142855
0,Diatoms,66.47,70.15222857142855
0,Diatoms,30.3,63.48091428571428
0,Diatoms,22.4,8.91571428571429
0,Diatoms,32.94,15.87022857142857
0,Diatoms,42.16,12.14405714285714
0,Diatoms,46.11,2.2289285714285745
0,Diatoms,55.99,13.944914285714292
0,Diatoms,33.24,77.95565714285713
0,Diatoms,22.16,2524.720514285714
0,Diatoms,185.83,4760.121657142859
0,Diatoms,526.52,16581.382299999994
0,Diatoms,2322.89,460992.16812857136
0,Diatoms,162.6,666693.2691571427
0,Diatoms,19.76,2914.752228571429
0,Diatoms,155.1,3292.325157142857
0,Diatoms,121.86,157.84251428571423
0,Diatoms,526.52,23392.81651428571
0,Diatoms,193.37,15855.560357142855
0,Diatoms,185.83,8.121657142857126
0,Diatoms,36.23,3197.1657142857152
0,Diatoms,88.63,392.25142857142856
0,Diatoms,59.29,122.97651428571426
0,Diatoms,13.17,303.8649142857143
0,Diatoms,13.83,13.944914285714281
0,Diatoms,19.76,22.357157142857147
0,Diatoms,23.06,1.555714285714283
0,Diatoms,26.35,59.56805714285715
0,Diatoms,34.25,84.84241428571427
0,Diatoms,44.31,203.25691428571426
0,Diatoms,11.08,157.74755714285718
0,Diatoms,33.24,128.14321428571432
0,Diatoms,23.23,2774.8567000000003
0,Diatoms,61.94,214.06629999999993
0,Diatoms,46.46,34.23291428571427
0,Diatoms,123.89,856.4864142857144
0,Diatoms,11.08,1818.0137285714286
0,Diatoms,46.46,0.6603571428571421
0,Diatoms,11.08,178.8206285714286
0,Diatoms,33.24,70.1522285714286
0,Diatoms,221.57,5066.884128571428
0,Diatoms,127.4,1266.855557142857
0,Diatoms,1783.62,450119.7148
0,Diatoms,642.55,186005.82069999998
0,Diatoms,144.02,151.07862857142868
0,Diatoms,22.16,1753.1726285714285
0,Diatoms,69.69,322.7287
0,Diatoms,22.157,47.34600357142857
0,Diatoms,16.468,13.947737285714286
0,Diatoms,13.1739999999999,1.55006228571438
0,Diatoms,55.392,340.27543214285726
0,Diatoms,22.157,157.79503214285714
0,Diatoms,66.47,280.5202812857143
0,Diatoms,11.0779999999999,438.32480914285867
0,Diatoms,22.157,17.53489157142889
0,Diatoms,11.0779999999999,17.53489157142889
0,Diatoms,22.157,17.53489157142889
0,Diatoms,278.747,9405.48972857143
0,Diatoms,265.882,23.644032142857178
0,Diatoms,77.549,631.1991201428591
0,Diatoms,22.157,438.3248091428573
0,Diatoms,16.468,4.623531571428572
0,Diatoms,110.784,1270.7868365714287
0,Diatoms,5807.23,3530104.5197315724
0,Diatoms,92.9159999999999,4664769.2129422845
0,Diatoms,132.941,228.85723214285832
0,Diatoms,1161.446,151117.50500357136
0,Diatoms,66.47,171281.7772251428
0,Diatoms,11.0779999999999,2.8812972857141577
0,Diatoms,33.2349999999999,128.06621157142771
0,Diatoms,11.0779999999999,70.13323557142857
0,Diatoms,81.6,873.605714285714
0,Diatoms,13.6,660.5714285714286
0,Diatoms,20.4,6.605714285714284
0,Diatoms,13.6,14.862857142857141
0,Diatoms,22.87,12.276128571428575
0,Diatoms,82.25,723.7989142857144
0,Diatoms,66.4,35.88892857142854
0,Diatoms,55.39,254.64691428571427
0,Diatoms,49.4,5.125728571428575
0,Diatoms,98.81,155.00622857142852
0,Diatoms,33.24,17.53805714285715
0,Diatoms,88.63,443.05372857142856
0,Diatoms,11.08,4488.223214285715
0,Diatoms,11.08,17.538057142857145
0,Diatoms,22.16,17.538057142857145
0,Diatoms,65.87,154.91212857142864
0,Diatoms,33.24,70.1522285714286
0,Diatoms,11.08,70.1522285714286
0,Diatoms,88.63,859.1432142857142
0,Diatoms,44.31,280.6089142857142
0,Diatoms,11.08,157.74755714285718
0,Diatoms,98.81,619.8367000000001
0,Diatoms,65.87,155.00622857142852
0,Diatoms,32.94,154.91212857142864
0,Diatoms,44.31,203.25691428571426
0,Diatoms,329.36,15372.891657142858
0,Diatoms,395.23,619.8367000000001
0,Diatoms,531.76,37098.88
0,Diatoms,61.94,502.35571428571427
0,Diatoms,243.73,4721.0863
0,Diatoms,33.24,6329.434299999999
0,Diatoms,110.78,858.9216571428569
0,Diatoms,11.08,0.2057142857142855
0,Diatoms,13.17,0.6240142857142856
0,Diatoms,13.1739999999999,254.62278914285838
0,Diatoms,11.0779999999999,0.6276022857142858
0,Diatoms,66.47,438.32480914285867
0,Diatoms,44.314,70.12690514285713
0,Diatoms,11.08,0.2057142857142855
0,Diatoms,92.92,1001.0520142857146
0,Diatoms,11.08,17.538057142857145
0,Diatoms,88.63,1040.4165142857141
0,Diatoms,22.16,631.1801285714286
0,Diatoms,123.89,1447.4907999999998
0,Diatoms,46.46,178.8206285714286
0,Diatoms,55.39,280.4823
0,Diatoms,13.1739999999999,6.198366999999831
0,Diatoms,44.314,203.33236128571434
0,Diatoms,55.392,17.531726285714296
0,Diatoms,177.253999999999,2121.4781491428225
0,Diatoms,11.0779999999999,3944.923282285672
0,Diatoms,110.784,631.1801285714286
0,Diatoms,11.0779999999999,8.655807999999777
0,Diatoms,13.6,59.451428571428565
0,Diatoms,17.0,165.14285714285714
0,Diatoms,204.0,4995.571428571428
0,Diatoms,17.0,14.862857142857141
0,Diatoms,85.0,660.5714285714286
0,Diatoms,47.6,237.80571428571434
0,Diatoms,68.0,59.451428571428565
0,Diatoms,17.0,1.65142857142857
0,Diatoms,30.6,105.69142857142859
0,Diatoms,57.18,362.5920571428572
0,Diatoms,27.2,80.92
0,Diatoms,27.2,42.90412857142856
0,Diatoms,26.32,0.11062857142857117
0,Diatoms,66.4,229.48662857142864
0,Diatoms,32.9,125.2503
0,Diatoms,72.38,618.5199999999999
0,Diatoms,19.74,395.8528
0,Diatoms,13.16,404.92822857142875
0,Diatoms,85.54,618.5199999999999
0,Diatoms,22.16,34.632128571428574
0,Diatoms,65.87,272.9377285714287
0,Diatoms,11.08,428.8491571428572
0,Diatoms,16.47,4.150299999999999
0,Diatoms,32.94,55.77965714285717
0,Diatoms,33.24,152.1024142857143
0,Diatoms,26.35,2.5080142857142875
0,Diatoms,22.16,50.86812857142858
0,Diatoms,22.16,17.538057142857145
0,Diatoms,55.39,340.20571428571424
0,Diatoms,33.24,70.08892857142857
0,Diatoms,26.35,6.781728571428572
0,Diatoms,65.87,223.11862857142862
0,Diatoms,32.94,154.91212857142864
0,Diatoms,11.08,70.1522285714286
0,Diatoms,155.1,1122.1824142857142
0,Diatoms,22.16,2524.720514285714
0,Diatoms,110.78,1454.4014285714288
0,Diatoms,19.76,38.75155714285716
0,Diatoms,409.9,7691.7945142857125
0,Diatoms,1107.84,69588.60622857141
0,Diatoms,620.39,33943.92892857142
0,Diatoms,598.23,70.15222857142837
0,Diatoms,88.63,37098.880000000005
0,Diatoms,98.81,14.80462857142859
0,Diatoms,11.08,70.1522285714286
0,Diatoms,22.16,272.9377285714287
0,Diatoms,22.16,280.4823
0,Diatoms,33.24,17.53805714285715
0,Diatoms,299.12,10098.882057142857
0,Diatoms,132.94,3945.1132000000002
0,Diatoms,22.16,11.545728571428572
0,Diatoms,44.31,70.08892857142858
0,Diatoms,65.87,154.91212857142864
0,Diatoms,13.17,13.944914285714281
0,Diatoms,32.94,55.83612857142855
0,Diatoms,13.17,13.944914285714281
0,Diatoms,32.94,55.83612857142855
0,Diatoms,66.47,160.6087
0,Diatoms,395.23,21577.292800000003
0,Diatoms,32.94,18750.577728571432
0,Diatoms,11.08,7.262414285714286
0,Diatoms,29.64,38.75155714285713
0,Diatoms,19.76,6.204014285714286
0,Diatoms,11.08,157.74755714285718
0,Diatoms,44.31,157.74755714285718
0,Diatoms,22.16,70.08892857142858
0,Diatoms,11.08,20.50291428571428
0,Diatoms,22.16,17.538057142857145
0,Diatoms,34.254,109.35184128571436
0,Diatoms,22.157,631.1801285714266
0,Diatoms,22.157,53.09712014285714
0,Diatoms,55.392,295.89301728571434
0,Diatoms,44.31,280.6089142857142
0,Diatoms,22.16,70.08892857142858
0,Diatoms,23.06,13.973157142857138
0,Diatoms,44.31,203.25691428571426
0,Diatoms,36.23,9.326628571428584
0,Diatoms,22.16,280.4823
0,Diatoms,16.47,13.944914285714281
0,Diatoms,16.47,22.392914285714284
0,Diatoms,23.23,1447.4907999999998
0,Diatoms,19.76,356.14355714285705
0,Diatoms,11.08,8.669157142857143
0,Diatoms,128.91,1370.3205142857144
0,Diatoms,92.92,185.04001428571425
0,Diatoms,32.94,65.48401428571427
0,Diatoms,22.16,34.632128571428574
0,Diatoms,72.46,361.4414285714285
0,Diatoms,185.83,1836.1081285714292
0,Diatoms,44.31,157.84251428571423
0,Diatoms,22.16,70.08892857142858
0,Diatoms,148.67,2137.454628571428
0,Diatoms,22.16,2286.397157142857
0,Diatoms,88.6269999999999,961.5087999999978
0,Diatoms,21.079,651.8189005714264
0,Diatoms,25.031,2.231186285714284
0,Diatoms,278.747,7708.311360142864
0,Diatoms,155.098,2184.153600142857
0,Diatoms,139.374,35.32059657142865
0,Diatoms,88.6269999999999,367.8940012857157
0,Diatoms,16.468,743.8458972857121
0,Diatoms,11.0779999999999,4.150300000000154
0,Diatoms,16.468,4.150300000000154
0,Diatoms,26.349,13.947737285714286
0,Diatoms,22.157,21.528596571428572
0,Diatoms,17.0,41.285714285714285
0,Diatoms,13.6,23.84662857142857
0,Diatoms,61.2,496.1064142857143
0,Diatoms,13.17,22.357157142857144
0,Diatoms,16.47,24.816057142857144
0,Diatoms,13.17,20.06035714285714
0,Diatoms,44.31,3.2777285714285704
0,Diatoms,22.16,2901.7072000000003
0,Diatoms,15.81,24.778414285714288
0,Diatoms,98.81,154.91212857142864
0,Diatoms,11.08,15.510914285714284
0,Diatoms,26.35,38.75155714285713
0,Diatoms,22.16,34.632128571428574
0,Diatoms,19.76,0.822857142857142
0,Diatoms,13.17,13.944914285714281
0,Diatoms,32.94,125.58892857142857
0,Diatoms,16.47,2479.3468000000003
0,Diatoms,11.08,7.262414285714286
0,Diatoms,18.36,41.285714285714285
0,Diatoms,17.0,41.285714285714285
0,Diatoms,34.0,41.285714285714285
0,Diatoms,66.47,280.4823
0,Diatoms,26.35,55.779657142857154
0,Diatoms,22.16,17.538057142857145
0,Diatoms,22.16,50.86812857142858
0,Diatoms,11.08,157.74755714285718
0,Diatoms,30.6,111.04205714285716
0,Diatoms,13.6,41.285714285714285
0,Diatoms,22.16,1753.1726285714285
0,Diatoms,27.2,59.451428571428565
0,Diatoms,47.6,59.451428571428586
0,Diatoms,34.0,139.7769142857143
0,Diatoms,34.0,41.285714285714285
0,Diatoms,102.0,660.5714285714286
0,Diatoms,20.4,23.846628571428564
0,Diatoms,61.2,477.26285714285723
0,Diatoms,13.6,323.68
0,Diatoms,13.16,55.66679999999999
0,Diatoms,16.45,1.5462999999999991
0,Diatoms,44.31,17.50641428571429
0,Diatoms,22.16,17.538057142857145
0,Diatoms,11.08,4.150299999999999
0,Diatoms,32.94,99.18892857142855
0,Diatoms,65.87,559.4652000000001
0,Diatoms,22.16,438.2931571428571
0,Diatoms,44.31,203.25691428571426
0,Diatoms,11.08,10.17622857142857
0,Diatoms,26.349,46.105889285714284
0,Diatoms,144.019,1978.0327
0,Diatoms,22.157,2121.4781491428575
0,Diatoms,27.62,67.2080142857143
0,Diatoms,13.17,6.1852
0,Diatoms,99.706,989.7949491428571
0,Diatoms,14.492,8.927003571428575
0,Diatoms,278.747,2774.976161285715
0,Diatoms,20.4,23.846628571428564
0,Diatoms,13.6,20.23
0,Diatoms,17.77,37.12205714285715
0,Diatoms,16.47,40.176128571428585
0,Diatoms,17.77,37.12205714285715
0,Diatoms,13.16,6.1851999999999965
0,Diatoms,59.22,303.0748
0,Diatoms,19.74,222.66720000000007
0,Diatoms,66.47,70.15222857142855
0,Diatoms,33.24,70.1522285714286
0,Diatoms,11.08,70.1522285714286
0,Diatoms,13.17,6.1852
0,Diatoms,32.94,99.18892857142855
0,Diatoms,36.23,125.50422857142856
0,Diatoms,17.13,52.115714285714276
0,Diatoms,13.17,1.5462999999999991
0,Diatoms,22.16,81.94321428571428
0,Diatoms,37.88,18.991557142857147
0,Diatoms,11.08,10.763200000000003
0,Diatoms,85.63,793.9574999999999
0,Diatoms,77.549,859.1210572857144
0,Diatoms,36.23,243.89425157142867
0,Diatoms,15.81,5.760357142857143
0,Diatoms,13.83,2.6169142857142846
0,Diatoms,88.63,859.1432142857142
0,Diatoms,123.89,1403.2560142857144
0,Diatoms,154.86,137.02012857142867
0,Diatoms,22.16,2515.6128571428576
0,Diatoms,44.31,70.08892857142858
0,Diatoms,77.55,157.84251428571423
0,Diatoms,123.89,34.2329142857143
0,Diatoms,209.06,1036.2755571428572
0,Diatoms,156.54,3128.2971999999995
0,Diatoms,19.76,25.958628571428573
0,Diatoms,55.39,181.35669999999996
0,Diatoms,33.24,70.08892857142857
0,Diatoms,46.46,24.966914285714278
0,Diatoms,116.15,1233.4466285714286
0,Diatoms,254.8,1903.4407000000003
0,Diatoms,952.74,69588.60622857144
0,Diatoms,1107.84,3436.572857142853
0,Diatoms,232.65,109422.50515714285
0,Diatoms,88.63,1024.386057142857
0,Diatoms,199.41,1753.1726285714285
0,Diatoms,325.21,2260.8057142857137
0,Diatoms,52.7,10608.8143
0,Diatoms,77.549,438.3248091428573
0,Diatoms,66.47,17.534891571428595
0,Diatoms,55.392,17.531726285714274
0,Diatoms,531.763,6095.172480571488
0,Diatoms,22.157,37099.75360514286
0,Diatoms,121.861999999999,1420.1552892856857
0,Diatoms,709.018,49250.3097622859
0,Diatoms,841.958999999999,2524.758497285676
0,Diatoms,326.067,38020.65080914272
0,Diatoms,520.684999999999,5410.8808462856605
0,Diatoms,98.808,25425.74330414274
0,Diatoms,130.427,142.82302299999986
0,Diatoms,52.698,863.1139201428568
0,Diatoms,85.634,154.96858514285714
0,Diatoms,23.055,24.793467999999997
0,Diatoms,408.0,23150.650514285717
0,Diatoms,2397.0,565160.1428571428
0,Diatoms,85.0,763620.5714285715
0,Diatoms,578.0,34721.28571428572
0,Diatoms,391.0,371.57142857142856
0,Diatoms,1190.0,91200.14285714286
0,Diatoms,1836.0,59616.57142857143
0,Diatoms,47.6,456910.6514285715
0,Diatoms,38.08,139.77691428571427
0,Diatoms,1921.0,506483.96091428574
0,Diatoms,34.0,508681.28571428574
0,Diatoms,292.4,8800.462857142857
0,Diatoms,108.8,4815.565714285712
0,Diatoms,34.0,799.2914285714286
0,Diatoms,17.0,41.285714285714285
0,Diatoms,374.0,18207.0
0,Diatoms,1020.0,59616.57142857143
0,Diatoms,8262.0,7492366.285714285
0,Diatoms,394.4,8842732.822857143
0,Diatoms,7310.0,6832217.622857144
0,Diatoms,6409.0,115971.57142857143
0,Diatoms,2363.0,2338588.0
0,Diatoms,51.0,763620.5714285715
0,Diatoms,4488.0,2812424.1428571427
0,Diatoms,340.0,2457986.285714286
0,Diatoms,1479.0,185331.57142857142
0,Diatoms,238.0,220011.57142857142
0,Diatoms,54.4,4815.565714285714
0,Diatoms,272.0,6764.251428571428
0,Diatoms,40.8,199.82285714285715
0,Diatoms,136.0,2322.3214285714284
0,Diatoms,27.2,1691.062857142857
0,Diatoms,197.2,4128.571428571428
0,Diatoms,5916.0,4672096.205714286
0,Diatoms,4488.0,291312.0
0,Diatoms,952.0,1786185.142857143
0,Diatoms,357.0,50575.0
0,Diatoms,1836.0,169106.2857142857
0,Diatoms,272.0,349442.28571428574
0,Diatoms,3910.0,1890720.5714285714
0,Diatoms,693.6,1477889.8514285716
0,Diatoms,40.8,60878.26285714287
0,Diatoms,374.0,15860.319999999998
0,Diatoms,149.6,7193.622857142857
0,Diatoms,40.12,1712.2671999999998
0,Diatoms,37.4,192.62262857142855
0,Diatoms,244.8,6144.965714285715
0,Diatoms,448.8,5945.142857142857
0,Diatoms,1502.8,158702.2857142857
0,Diatoms,2176.0,64742.605714285724
0,Diatoms,272.0,517888.0
0,Diatoms,2380.0,634809.1428571428
0,Diatoms,34.0,786245.1428571428
0,Diatoms,20.4,107384.14285714286
0,Diatoms,119.0,1388.8514285714284
0,Diatoms,14.28,1566.6111999999998
0,Diatoms,380.8,19190.987200000003
0,Diatoms,44.2,16185.651428571431
0,Diatoms,74.8,133.76571428571424
0,Diatoms,102.0,1150.9796571428574
0,Diatoms,22.1,912.0014285714287
0,Diatoms,527.0,36417.71571428571
0,Diatoms,595.0,660.5714285714286
0,Diatoms,3179.0,953865.1428571428
0,Diatoms,2006.0,196561.2857142857
0,Diatoms,187.0,472680.14285714284
0,Diatoms,1485.8,240983.06285714285
0,Diatoms,112.2,269539.56571428565
0,Diatoms,1258.0,187551.0914285714
0,Diatoms,1951.6,68725.8514285714
0,Diatoms,251.6,412857.14285714284
0,Diatoms,1047.2,90425.62285714285
0,Diatoms,17.0,151616.0057142857
0,Diatoms,79.56,559.1076571428572
0,Diatoms,282.2,5866.138514285713
0,Diatoms,10.2,2.3780571428571418
0,Diatoms,4794.0,3126775.2228571423
0,Diatoms,85.0,3167811.5714285714
0,Diatoms,88.4,1.6514285714285768
0,Diatoms,8568.0,10271945.165714288
0,Diatoms,401.2,9528088.891428571
0,Diatoms,102.0,12788.662857142857
0,Diatoms,884.0,87360.57142857143
0,Diatoms,1836.0,129472.0
0,Diatoms,231.2,367911.86285714287
0,Diatoms,12.92,673.8489142857142
0,Diatoms,139.4,2384.662857142858
0,Diatoms,17.0,2140.2514285714287
0,Diatoms,221.0,5945.142857142857
0,Diatoms,258.4,199.82285714285692
0,Diatoms,142.8,1909.0514285714273
0,Diatoms,244.8,1486.2857142857142
0,Diatoms,717.4,31907.251428571424
0,Diatoms,119.0,51154.65142857143
0,Diatoms,136.0,41.285714285714285
0,Diatoms,42.16,1257.9922285714288
0,Diatoms,129.2,1082.2802285714283
0,Diatoms,24.48,59.451428571428565
0,Diatoms,1142.4,178535.01805714288
0,Diatoms,374.0,84348.36571428574
0,Diatoms,272.0,1486.2857142857142
0,Diatoms,34.0,8092.0
0,Diatoms,2822.0,1110420.5714285714
0,Diatoms,306.0,904322.2857142857
0,Diatoms,129.2,4465.4628571428575
0,Diatoms,584.8,29653.051428571423
0,Diatoms,231.2,17861.851428571426
0,Diatoms,263.03,7945.112699999999
0,Diatoms,122.4,2825.2566999999985
0,Diatoms,377.4,9289.285714285712
0,Diatoms,20.4,1950.2265142857143
0,Diatoms,903.46,111399.28051428574
0,Diatoms,9418.0,10356770.201657144
0,Diatoms,673.2,10924503.862857142
0,Diatoms,54.4,54701.920000000006
0,Diatoms,80.05,93.98892857142856
0,Diatoms,68.62,18.66355714285712
0,Diatoms,156.4,1100.7612000000001
0,Diatoms,1498.15,257184.7232142857
0,Diatoms,258.4,219568.58035714287
0,Diatoms,1761.2,322629.6914285715
0,Diatoms,234.6,332929.6514285715
0,Diatoms,92.12,2900.078628571428
0,Diatoms,78.96,11974.547200000003
0,Diatoms,493.0,24489.874514285715
0,Diatoms,223.72,10358.816914285711
0,Diatoms,1217.29,141025.9064142857
0,Diatoms,18.42,205327.03955714282
0,Diatoms,11.19,20.026514285714292
0,Diatoms,33.2,69.9624142857143
0,Diatoms,2599.1,940548.9728571429
0,Diatoms,420.52,678030.1166285714
0,Diatoms,65.8,17975.182628571427
0,Diatoms,361.9,12525.029999999997
0,Diatoms,1348.9,139167.00000000003
0,Diatoms,394.8,130043.83000000005
0,Diatoms,611.94,6735.682800000002
0,Diatoms,11909.8,18234520.082799997
0,Diatoms,99.6,19925832.00571428
0,Diatoms,233.59,2564.7600142857145
0,Diatoms,230.3,1.5462999999999927
0,Diatoms,187.53,261.3247000000001
0,Diatoms,203.98,5201.753199999999
0,Diatoms,842.24,58196.5468
0,Diatoms,26.32,95103.63519999999
0,Diatoms,19.74,48.47091428571428
0,Diatoms,144.76,2116.8846999999996
0,Diatoms,69.09,817.9926999999998
0,Diatoms,52.64,38.65750000000001
0,Diatoms,32.9,55.666800000000016
0,Diatoms,13.16,55.66679999999999
0,Diatoms,23.03,13.916700000000004
0,Diatoms,19.74,1.5463000000000025
0,Diatoms,32.9,98.9632
0,Diatoms,22.13,16.570414285714286
0,Diatoms,65.8,272.4384142857143
0,Diatoms,230.3,3865.75
0,Diatoms,1052.8,96643.75
0,Diatoms,164.5,112725.26999999999
0,Diatoms,11.07,3362.9664142857146
0,Diatoms,276.66,6551.46035714286
0,Diatoms,221.33,437.34412857142877
0,Diatoms,855.4,57434.9664142857
0,Diatoms,807.84,323.1362285714278
0,Diatoms,671.16,2668.774628571431
0,Diatoms,361.9,13663.106799999998
0,Diatoms,289.52,748.4091999999999
0,Diatoms,59.22,7576.869999999998
0,Diatoms,22.13,60.85851428571431
0,Diatoms,82.25,516.3449142857144
0,Diatoms,289.52,6137.264699999999
0,Diatoms,144.76,2993.6367999999998
0,Diatoms,80.93,582.038414285714
0,Diatoms,47.71,157.6526285714286
0,Diatoms,11.53,8.208057142857141
0,Diatoms,322.77,14611.205157142858
0,Diatoms,441.34,2008.406414285714
0,Diatoms,24.37,24837.71155714285
0,Diatoms,98.81,791.6162285714285
0,Diatoms,65.87,155.00622857142852
0,Diatoms,321.27,9318.451428571427
0,Diatoms,131.74,5131.660128571427
0,Diatoms,44.31,18.468128571428586
0,Diatoms,310.2,10099.641728571427
0,Diatoms,856.34,42609.84280000002
0,Diatoms,199.41,5605.664014285714
0,Diatoms,724.59,68339.96035714287
0,Diatoms,510.51,6547.17805714286
0,Diatoms,465.29,292.12119999999965
0,Diatoms,79.05,21311.619657142855
0,Diatoms,4347.56,2602882.5171571434
0,Diatoms,4972.29,55755.36755714278
0,Diatoms,1284.51,1942817.332628571
0,Diatoms,1976.17,68341.93651428573
0,Diatoms,1692.92,11461.50892857143
0,Diatoms,2525.88,99117.48022857144
0,Diatoms,6784.84,2591248.6116571426
0,Diatoms,565.0,5526629.946514286
0,Diatoms,26.35,41449.11749999999
0,Diatoms,88.63,554.1140571428571
0,Diatoms,11.08,859.1432142857142
0,Diatoms,30.63,122.72515714285713
0,Diatoms,44.31,203.25691428571426
0,Diatoms,22.16,70.08892857142858
0,Diatoms,32.94,16.601199999999995
0,Diatoms,77.55,284.2931571428571
0,Diatoms,897.35,96010.29142857145
0,Diatoms,22.16,22722.484628571427
0,Diatoms,123.89,1478.4275571428573
0,Diatoms,232.65,4488.729657142857
0,Diatoms,446.0,6502.603214285714
0,Diatoms,11.08,27022.200914285717
0,Diatoms,77.55,631.1801285714286
0,Diatoms,185.83,1674.9369142857147
0,Diatoms,1672.48,315732.60321428574
0,Diatoms,465.29,208186.81372857143
0,Diatoms,310.2,3436.1297285714304
0,Diatoms,166.18,2963.1086285714277
0,Diatoms,650.41,33496.95612857142
0,Diatoms,1041.37,21835.674514285703
0,Diatoms,3567.25,911438.5392000001
0,Diatoms,199.41,1620335.1808000002
0,Diatoms,609.31,44259.24172857141
0,Diatoms,509.61,1420.0128571428552
0,Diatoms,398.82,1753.4891571428577
0,Diatoms,34.25,148.7647
0,Diatoms,93.87,507.79205714285723
0,Diatoms,42.82,372.3003571428572
0,Diatoms,36.23,6.204014285714292
0,Diatoms,44.31,157.84251428571423
0,Diatoms,2149.21,593599.5521285714
0,Diatoms,625.79,331544.0709142857
0,Diatoms,166.18,30177.33601428571
0,Diatoms,2601.95,847567.9275571428
0,Diatoms,1395.88,207800.6921285713
0,Diatoms,111.98,235485.60142857145
0,Diatoms,232.65,2080.1784142857146
0,Diatoms,882.69,60364.57165714287
0,Diatoms,310.2,46820.68572857143
0,Diatoms,553.92,8485.634057142855
0,Diatoms,276.96,10958.120228571426
0,Diatoms,3401.07,1394294.7560142858
0,Diatoms,3977.15,47409.738057142844
0,Diatoms,1007.84,1259543.1251571428
0,Diatoms,11.53,141804.8023
0,Diatoms,376.67,19046.745657142863
0,Diatoms,296.43,919.7796571428573
0,Diatoms,243.73,396.75571428571453
0,Diatoms,77.55,3945.1132000000002
0,Diatoms,207.5,2412.4289285714285
0,Diatoms,121.86,1898.167557142857
0,Diatoms,55.39,70.08892857142857
0,Diatoms,1772.54,421229.1603571428
0,Diatoms,98.81,400196.0161285714
0,Diatoms,22.16,839.3175000000001
0,Diatoms,166.18,2963.108628571429
0,Diatoms,138.33,110.80321428571425
0,Diatoms,724.59,49100.11251428571
0,Diatoms,856.34,2479.723214285714
0,Diatoms,889.27,154.9121285714281
0,Diatoms,265.88,55516.44172857143
0,Diatoms,2107.91,484724.9315571427
0,Diatoms,395.23,419038.96891428565
0,Diatoms,44.31,17592.120914285715
0,Diatoms,181.15,1878.7860571428573
0,Diatoms,77.55,1533.2800000000002
0,Diatoms,9452.66,12556098.216014287
0,Diatoms,625.79,11130519.142414283
0,Diatoms,823.4,5578.5303
0,Diatoms,955.15,2479.723214285714
0,Diatoms,1580.93,55942.94405714287
0,Diatoms,11.08,352061.2889285715
0,Diatoms,1982.2,555720.8831999999
0,Diatoms,742.25,219639.42892857146
0,Diatoms,44.31,69588.60622857144
0,Diatoms,13.17,6.204014285714289
0,Diatoms,29.64,89.50012857142858
0,Diatoms,44.31,169.34641428571427
0,Diatoms,321.27,14146.214628571428
0,Diatoms,263.49,476.93262857142815
0,Diatoms,66.47,5545.268628571429
0,Diatoms,254.8,5066.88412857143
0,Diatoms,131.74,2163.3948
0,Diatoms,13.17,2008.4064142857146
0,Diatoms,332.35,13745.405157142857
0,Diatoms,2127.05,460135.44142857153
0,Diatoms,1639.6,33943.92892857147
0,Diatoms,2437.25,90892.21750000003
0,Diatoms,592.85,485973.05142857146
0,Diatoms,376.67,6676.256057142858
0,Diatoms,697.94,14744.916128571433
0,Diatoms,6949.52,6892873.030414286
0,Diatoms,1041.37,4986605.203214287
0,Diatoms,609.31,26667.977657142852
0,Diatoms,841.96,7732.288928571435
0,Diatoms,210.49,56964.90870000001
0,Diatoms,908.43,69588.60622857141
0,Diatoms,5450.57,2947290.825657142
0,Diatoms,1052.45,2763351.3620571424
0,Diatoms,155.1,115033.86035714287
0,Diatoms,13.17,2877.732128571429
0,Diatoms,11.08,157.74755714285718
0,Diatoms,199.41,5066.884128571428
0,Diatoms,454.22,9275.448014285717
0,Diatoms,82.34,19756.390628571426
0,Diatoms,177.25,1286.8440142857141
0,Diatoms,99.71,146.56012857142872
0,Diatoms,77.55,631.1801285714286
0,Diatoms,296.43,9918.140014285715
0,Diatoms,724.59,26188.712228571432
0,Diatoms,365.59,18411.571428571435
0,Diatoms,29.64,30.74412857142858
0,Diatoms,5500.33,4275492.725157143
0,Diatoms,359.0,3776182.024128571
0,Diatoms,14667.81,29248863.37372857
0,Diatoms,6757.83,8938254.800057141
0,Diatoms,2415.09,2694198.6725142854
0,Diatoms,1943.23,31807.40851428573
0,Diatoms,1284.51,61987.43405714286
0,Diatoms,23.06,227322.30035714287
0,Diatoms,19.76,45.16120000000001
0,Diatoms,16.47,1.5463000000000025
0,Diatoms,131.74,1898.1675571428575
0,Diatoms,13.17,2008.4064142857146
0,Diatoms,293.13,11196.800228571428
0,Diatoms,1229.7,125309.05212857143
0,Diatoms,66.47,280.4823
0,Diatoms,88.63,70.15222857142855
0,Diatoms,658.72,46428.94401428571
0,Diatoms,1661.76,329076.3868
0,Diatoms,265.88,278354.4249142858
0,Diatoms,1185.7,120866.97605714286
0,Diatoms,354.51,98696.68801428573
0,Diatoms,675.19,14690.80891428572
0,Diatoms,1646.81,134863.63205714282
0,Diatoms,6883.64,3917769.7784142857
0,Diatoms,1778.55,3723134.844014286
0,Diatoms,4841.61,1340333.7947999996
0,Diatoms,16.47,3325996.5742285703
0,Diatoms,461.11,28243.532799999997
0,Diatoms,17917.23,43530875.06491428
0,Diatoms,9287.98,10637707.9375
0,Diatoms,985.98,9846172.0
0,Diatoms,88.63,115033.86035714287
0,Diatoms,1877.36,457079.28755714284
0,Diatoms,974.9,116347.72165714284
0,Diatoms,1350.38,20140.747200000013
0,Diatoms,420.98,123397.76571428575
0,Diatoms,79.05,16702.30355714286
0,Diatoms,843.16,83409.15601428572
0,Diatoms,118.57,75004.38115714284
0,Diatoms,13.17,1587.0228571428568
0,Diatoms,72.46,651.2786285714285
0,Diatoms,33.24,219.74405714285703
0,Diatoms,243.73,6329.434299999999
0,Diatoms,121.86,2121.7566999999995
0,Diatoms,808.72,67396.66565714286
0,Diatoms,365.59,28052.028128571434
0,Diatoms,199.41,3945.113199999999
0,Diatoms,790.47,49907.41765714287
0,Diatoms,1910.29,179142.4046285714
0,Diatoms,1152.76,81978.8144142857
0,Diatoms,395.23,81978.8144142857
0,Diatoms,26.35,19438.922057142856
0,Diatoms,199.41,4278.537657142858
0,Diatoms,188.33,17.53805714285709
0,Diatoms,2009.1,473600.4847
0,Diatoms,13.17,569105.2235571428
0,Diatoms,12141.93,21015259.8768
0,Diatoms,9283.7,1167068.3904142852
0,Diatoms,11532.62,722520.1666285715
0,Diatoms,263.49,18141898.708128575
0,Diatoms,144.02,2039.011557142857
0,Diatoms,3227.74,65125.93372857135
0,Diatoms,46.11,1446109.9224142856
0,Diatoms,32.94,24.77841428571429
0,Diatoms,480.87,28663.0407
0,Diatoms,13.17,31249.041428571425
0,Diatoms,256.9,8486.330414285714
0,Diatoms,276.66,55.77965714285741
0,Diatoms,39.52,8033.6256571428585
0,Diatoms,1008.14,134032.10062857144
0,Diatoms,1883.33,109422.50515714285
0,Diatoms,299.12,358531.61772857147
0,Diatoms,652.14,17803.302914285712
0,Diatoms,32.94,16.601199999999995
0,Diatoms,197.62,3874.214628571429
0,Diatoms,1449.19,223775.3521285715
0,Diatoms,3557.1,634754.9382999999
0,Diatoms,1053.96,895101.4085142856
0,Diatoms,197.62,104759.74222857144
0,Diatoms,108.69,1129.7921285714287
0,Diatoms,3359.48,1509662.2320142856
0,Diatoms,52.7,1562113.424057143
0,Diatoms,6784.84,6474529.854228572
0,Diatoms,3128.93,1909382.5611571432
0,Diatoms,105.4,1305961.9515571427
0,Diatoms,204.2,1394.491428571428
0,Diatoms,263.49,502.18630000000036
0,Diatoms,354.51,1183.5200571428566
0,Diatoms,55.99,12730.598628571428
0,Diatoms,731.18,65125.933728571414
0,Diatoms,474.28,9428.229999999998
0,Diatoms,10.54,30722.11251428571
0,Diatoms,476.37,30999.655557142854
0,Diatoms,193.66,11417.84915714286
0,Diatoms,191.03,0.988128571428568
0,Diatoms,11.86,15.87022857142857
0,Diatoms,32.94,6.204014285714279
0,Diatoms,77.55,70.15222857142855
0,Diatoms,1174.31,171840.35679999998
0,Diatoms,332.35,101270.94879999998
0,Diatoms,952.74,54983.393157142855
0,Diatoms,49.4,116574.73651428572
0,Diatoms,188.33,2757.363557142857
0,Diatoms,592.85,23376.63291428571
0,Diatoms,131.74,30374.633157142856
0,Diatoms,177.25,295.88001428571414
0,Diatoms,372.18,5428.243557142858
0,Diatoms,909.04,41174.09422857141
0,Diatoms,5730.88,3321448.7122285715
0,Diatoms,9814.96,2382815.635199999
0,Diatoms,312.89,12898476.326414285
0,Diatoms,74.44,8122.628928571428
0,Diatoms,1550.98,311452.9102285714
0,Diatoms,1573.13,70.08892857142915
0,Diatoms,62.58,325965.90035714296
0,Diatoms,11.2,377.1291999999999
0,Diatoms,217.38,6072.884628571429
0,Diatoms,638.96,25389.956628571435
0,Diatoms,335.95,13116.437157142862
0,Diatoms,250.31,1047.7442285714283
0,Diatoms,121.86,2357.0574999999994
0,Diatoms,17.13,1566.9104142857143
0,Diatoms,17.13,0.9881285714285734
0,Diatoms,31.62,29.99430000000001
0,Diatoms,22.16,1152.5189142857146
0,Diatoms,131.74,2121.408514285715
0,Diatoms,230.55,1394.7737285714286
0,Diatoms,32.94,5578.5303
0,Diatoms,98.81,619.8367000000001
0,Diatoms,32.94,619.8367000000001
0,Diatoms,6850.71,6640283.967557144
0,Diatoms,2193.52,3098488.385157143
0,Diatoms,3002.25,93434.88755714287
0,Diatoms,576.08,840900.1241285715
0,Diatoms,22.16,43832.48091428572
0,Diatoms,1085.68,161582.1129142857
0,Diatoms,841.96,8485.63405714286
0,Diatoms,2847.15,574398.1337285715
0,Diatoms,2204.6,58981.50035714289
0,Diatoms,1106.65,172213.45749999996
0,Diatoms,204.2,116345.14321428572
0,Diatoms,1844.42,384331.6640571429
0,Diatoms,293.13,343785.8091571428
0,Diatoms,786.57,34783.29051428572
0,Diatoms,454.52,15751.028928571435
0,Diatoms,25.03,26351.66572857143
0,Diatoms,869.51,101878.0672
0,Diatoms,484.16,21213.517499999994
0,Diatoms,69.17,469.2051571428572
0,Diatoms,408.41,16440.539657142857
0,Diatoms,1639.6,216546.97372857135
0,Diatoms,16.47,376364.42812857137
0,Diatoms,19.76,1.5463000000000025
0,Diatoms,44.31,240.37720000000004
0,Diatoms,66.47,70.15222857142855
0,Diatoms,265.88,5680.621157142857
0,Diatoms,223.0,262.6706285714285
0,Diatoms,686.86,35861.580128571426
0,Diatoms,46.46,57.20001428571427
0,Diatoms,121.86,438.2931571428571
0,Diatoms,221.57,1420.2977285714283
0,Diatoms,4738.7,2914923.3481285716
0,Diatoms,5621.4,111308.46999999996
0,Diatoms,1090.19,2933123.4377285703
0,Diatoms,4675.09,1835929.7157142856
0,Diatoms,465.29,2531773.72
0,Diatoms,26.35,27524.046228571427
0,Diatoms,47.43,188.76035714285715
0,Diatoms,559.91,37519.392914285716
0,Diatoms,820.11,9672.005714285717
0,Diatoms,905.74,1047.499557142857
0,Diatoms,39.52,107191.01262857144
0,Diatoms,303.01,9918.140014285715
0,Diatoms,92.22,6347.489157142857
0,Diatoms,69.17,620.0249142857141
0,Diatoms,46.11,75.96622857142859
0,Diatoms,49.4,1.5462999999999991
0,Diatoms,19.76,41.870628571428576
0,Diatoms,59.29,223.23155714285716
0,Diatoms,55.39,2.1728571428571413
0,Diatoms,144.92,1145.0886999999998
0,Diatoms,184.44,223.11862857142867
0,Diatoms,243.73,502.18629999999985
0,Diatoms,199.41,280.6089142857142
0,Diatoms,603.95,23378.944514285722
0,Diatoms,185.83,24974.904914285715
0,Diatoms,99.71,1059.5220571428576
0,Diatoms,686.86,14193.005714285713
0,Diatoms,321.27,186009.0809142857
0,Diatoms,433.61,1802.8965142857153
0,Diatoms,88.63,17001.60005714286
0,Diatoms,557.49,12629.304128571432
0,Diatoms,171.27,21309.412628571434
0,Diatoms,2168.03,569578.6425142859
0,Diatoms,841.96,251208.80641428576
0,Diatoms,465.29,20268.6127
0,Diatoms,254.8,6329.434300000001
0,Diatoms,401.82,3087.8400571428565
0,Diatoms,498.53,1336.117728571428
0,Diatoms,243.73,9274.72
0,Diatoms,1240.78,142015.5289285714
0,Diatoms,10.54,216212.92251428572
0,Diatoms,55.39,287.36035714285714
0,Diatoms,92.22,193.77841428571426
0,Diatoms,77.55,30.74412857142858
0,Diatoms,131.74,419.50801428571447
0,Diatoms,16.47,1898.1675571428575
0,Diatoms,44.314,138.5285142857143
0,Diatoms,177.253999999999,2524.7205142856765
0,Diatoms,77.549,1420.1552892856855
0,Diatoms,44.314,157.79503214285722
0,Diatoms,997.056,38730.409889285875
0,Diatoms,531.763,30928.225121285715
0,Diatoms,975.615,28143.51398628571
0,Diatoms,199.411,86070.3785165714
0,Diatoms,55.392,859.1210572857144
0,Diatoms,731.174999999999,65240.38044128552
0,Diatoms,1811.856,166838.77482300028
0,Diatoms,465.293,259033.13042414287
0,Diatoms,110.784,17953.80444014286
0,Diatoms,310.194999999999,5680.678131571373
0,Diatoms,221.568,1122.106446999975
0,Diatoms,520.684999999999,12781.56852699992
0,Diatoms,105.395,24637.969157142743
0,Diatoms,254.803,3188.9643520000004
0,Diatoms,853.037,51126.274108000005
0,Diatoms,841.958999999999,17.531726285717443
0,Diatoms,387.744,29473.03803214273
0,Diatoms,88.6269999999999,12781.56852700001
0,Diatoms,465.293,2552441.342100572
0,Diatoms,1440.192,135775.43717157142
0,Diatoms,88.6269999999999,260961.13560357146
0,Diatoms,33.2349999999999,438.3248091428571
0,Diatoms,39.523,5.648420571428757
0,Diatoms,110.784,725.447160142857
0,Diatoms,62.579,331.96028928571434
0,Diatoms,36.2299999999999,99.18140014285792
0,Diatoms,16.47,35.70801428571428
0,Diatoms,35.57,632.3201285714285
0,Diatoms,13.5,32089.800357142853
0,Diatoms,675.78,29472.389157142858
0,Diatoms,332.35,16849.166414285708
0,Diatoms,92.92,228.80005714285707
0,Diatoms,398.53,16123.200357142856
0,Diatoms,1022.07,55543.16165714287
0,Diatoms,42.82,136990.08035714287
0,Diatoms,171.72,2373.601428571429
0,Diatoms,54.02,1979.0414285714282
0,Diatoms,118.57,1876.8206285714282
0,Diatoms,29.64,1129.7921285714285
0,Diatoms,155.1,2248.6016571428568
0,Diatoms,210.79,443.05372857142856
0,Diatoms,276.96,625.4955571428569
0,Diatoms,443.14,3945.1132000000002
0,Diatoms,132.94,13746.291428571427
0,Diatoms,14.49,2004.3432142857143
0,Diatoms,261.84,8740.288928571426
0,Diatoms,645.55,21033.337728571427
0,Diatoms,34.58,87.15571428571425
0,Diatoms,121.86,1791.3600571428574
0,Diatoms,13.17,1687.645157142857
0,Diatoms,88.63,813.4587999999998
0,Diatoms,509.61,25317.737200000003
0,Diatoms,185.83,14976.212628571428
0,Diatoms,588.47,23159.852799999997
0,Diatoms,216.8,19734.08412857143
0,Diatoms,265.88,344.1209142857141
0,Diatoms,210.49,438.29315714285696
0,Diatoms,332.35,2121.408514285715
0,Diatoms,11.08,14744.916128571433
0,Diatoms,162.6,3331.914057142857
0,Diatoms,216.8,419.6628571428574
0,Diatoms,650.41,26859.661728571424
0,Diatoms,789.79,2775.254914285714
0,Diatoms,191.03,51216.21965714286
0,Diatoms,30.3,3690.590414285714
0,Diatoms,202.58,4240.056914285715
0,Diatoms,325.21,2148.302414285713
0,Diatoms,95.52,7536.785157142856
0,Diatoms,102.1,6.1851999999999965
0,Diatoms,310.2,6186.515714285714
0,Diatoms,465.29,3436.1297285714304
0,Diatoms,2973.3,898587.737157143
0,Diatoms,1114.16,493771.64851428574
0,Diatoms,1114.99,0.09841428571426845
0,Diatoms,46.11,163214.9220571429
0,Diatoms,80.69,372.3003571428573
0,Diatoms,494.04,24408.317500000005
0,Diatoms,132.94,18627.60142857143
0,Diatoms,11.08,2121.4085142857143
0,Diatoms,17.79,30.035714285714285
0,Diatoms,13.17,1.5462999999999991
0,Diatoms,110.78,858.9216571428569
0,Diatoms,72.46,209.77462857142865
0,Diatoms,121.86,348.62285714285724
0,Diatoms,110.78,17.538057142857138
0,Diatoms,1022.07,118635.63772857144
0,Diatoms,116.15,117241.57805714288
0,Diatoms,132.94,40.27201428571425
0,Diatoms,388.65,9341.086299999999
0,Diatoms,580.72,5270.126414285717
0,Diatoms,1207.9,56193.53605714287
0,Diatoms,1053.04,3425.9456571428627
0,Diatoms,557.49,35081.400357142855
0,Diatoms,123.89,26858.42285714286
0,Diatoms,22.16,1478.4275571428573
0,Diatoms,155.1,2524.720514285714
0,Diatoms,77.55,859.1432142857142
0,Diatoms,325.21,8762.210799999997
0,Diatoms,603.95,11099.426800000005
0,Diatoms,44.31,44742.418514285724
0,Diatoms,310.2,10099.641728571427
0,Diatoms,199.41,1753.4891571428568
0,Diatoms,55.39,2963.1086285714277
0,Diatoms,21.74,161.7603571428572
0,Diatoms,88.63,639.1817285714286
0,Diatoms,22.16,631.1801285714286
0,Diatoms,316.19,12350.520128571427
0,Diatoms,2415.81,629772.0206285714
0,Diatoms,1074.61,256973.92
0,Diatoms,509.61,45603.57142857141
0,Diatoms,387.74,2121.7567000000004
0,Diatoms,376.67,17.506414285714264
0,Diatoms,301.98,796.9422999999999
0,Diatoms,29.64,10595.58222857143
0,Diatoms,32.94,1.555714285714283
0,Diatoms,44.314,17.53489157142889
0,Diatoms,166.175999999999,2121.4781491428225
0,Diatoms,420.978999999999,20268.07460357132
0,Diatoms,941.663999999999,38730.4098892857
0,Diatoms,3205.591,732195.0659041435
0,Diatoms,1951.229,224774.86100628568
0,Diatoms,1041.36999999999,118263.34284014549
0,Diatoms,121.861999999999,120784.99458056905
0,Diatoms,642.547,38730.409889285875
0,Diatoms,110.784,40395.98402414286
0,Diatoms,221.568,1753.2992365714288
0,Diatoms,62.579,3611.0717315714287
0,Diatoms,243.724999999999,4687.696187999948
0,Diatoms,15.809,7420.81472228565
0,Diatoms,173.903,3570.530405142857
0,Diatoms,428.168999999999,9235.885536571357
0,Diatoms,23.055,23445.3361422856
0,Diatoms,3019.759,52108.288329142895
0,Diatoms,88.6269999999999,1227362.114489143
0,Diatoms,278.747,5163.659200000006
0,Diatoms,66.47,6437.360675571429
0,Diatoms,131.744,608.6707251428571
0,Diatoms,731.174999999999,51331.07482299983
0,Diatoms,95.515,1129.7413119999999
0,Diatoms,199.411,5311.58499657143
0,Diatoms,66.47,2524.7584972857144
0,Diatoms,32.936,160.64702228571426
0,Diatoms,10.54,71.65440228571428
0,Diatoms,27.666,41.899982285714295
0,Diatoms,32.936,3.9675571428571423
0,Diatoms,22.13,16.570414285714286
0,Diatoms,65.87,272.9377285714287
0,Diatoms,13.17,0.6240142857142856
0,Diatoms,44.314,157.804528000001
0,Diatoms,153.0,2023.0
0,Diatoms,40.8,59.451428571428565
0,Diatoms,11.08,17.538057142857145
0,Diatoms,13.17,0.6240142857142856
0,Diatoms,30.97,180.03571428571428
0,Diatoms,40.8,54701.920000000006
0,Diatoms,986.0,127629.00571428573
0,Diatoms,204.0,87360.57142857143
0,Diatoms,17.0,21.402514285714282
0,Diatoms,27.2,59.451428571428565
0,Diatoms,26.52,0.0660571428571428
0,Diatoms,59.22,8467.5388
0,Diatoms,13.6,297.3120571428571
0,Diatoms,95.41,695438.3681285717
0,Diatoms,1792.74,279424.2962285715
0,Diatoms,13.16,1.546300000000001
0,Diatoms,1173.02,194368.89622857145
0,Diatoms,322.42,103360.05142857142
0,Diatoms,59.22,9896.320000000003
0,Diatoms,98.7,222.66720000000007
0,Diatoms,121.73,2041.4016571428572
0,Diatoms,125.02,1.5462999999999927
0,Diatoms,13.16,1787.5228
0,Diatoms,39.48,98.96319999999999
0,Diatoms,32.9,98.9632
0,Diatoms,13.16,55.66679999999999
0,Diatoms,1003.45,141964.2567
0,Diatoms,319.13,27352.500700000008
0,Diatoms,132.8,4959.838414285713
0,Diatoms,39.48,154.62999999999997
0,Diatoms,32.9,6.1851999999999965
0,Diatoms,724.59,55942.94405714285
0,Diatoms,144.02,48151.64641428572
0,Diatoms,988.08,34867.931657142835
0,Diatoms,13.17,135778.5011571429
0,Diatoms,44.31,4513181.212857143
0,Diatoms,997.06,140147.2601285714
0,Diatoms,221.57,85912.10572857143
0,Diatoms,557.49,16120.320914285714
0,Diatoms,59.29,35457.60571428571
0,Diatoms,26.35,155.00622857142852
0,Diatoms,125.16,1394.7737285714286
0,Diatoms,55.39,94.72321428571429
0,Diatoms,10746.05,12548652.80412857
0,Diatoms,199.41,15890230.75565714
0,Diatoms,23228.92,75765475.8343
0,Diatoms,387.74,1753.1726285714296
0,Diatoms,42.82,155.00622857142852
0,Diatoms,232.65,5147.918414285715
0,Diatoms,55.39,4488.729657142857
0,Diatoms,11.08,280.4823
0,Diatoms,21.08,52.115714285714276
0,Diatoms,30.3,12.14405714285715
0,Diatoms,85.63,437.34412857142854
0,Diatoms,270.08,4860.2575
0,Diatoms,569.79,12832.297728571428
0,Diatoms,210.79,18411.571428571428
0,Diatoms,77.55,2536.128228571429
0,Diatoms,197.62,92.02062857142855
0,Diatoms,889.27,99978.48069999999
0,Diatoms,21.41,107597.28280000002
0,Diatoms,171.27,3208.288514285715
0,Diatoms,13.17,3570.80142857143
0,Diatoms,98.81,18751.61285714286
0,Diatoms,3886.46,50210.16035714284
0,Diatoms,11.08,2827492.039557143
0,Diatoms,44.31,157.74755714285718
0,Diatoms,11.08,5066.884128571428
0,Diatoms,4785.87,3256945.649157143
0,Diatoms,118.57,3111955.6128571434
0,Diatoms,79.05,223.1186285714285
0,Diatoms,16.47,559.4652
0,Diatoms,576.08,8695.82262857143
0,Diatoms,13.17,13.973157142857138
0,Diatoms,480.87,31249.041428571425
0,Diatoms,11.08,31528.94915714286
0,Diatoms,36.23,180.74641428571428
0,Diatoms,37.88,0.3889285714285741
0,Diatoms,352.42,14133.63022857143
0,Diatoms,99.71,9123.192014285716
0,Diatoms,121.86,70.08892857142861
0,Diatoms,11.08,1753.1726285714285
0,Diatoms,22.16,17.538057142857145
0,Diatoms,11.08,17.538057142857145
0,Diatoms,32.94,68.26565714285714
0,Diatoms,243.73,3570.801428571428
0,Diatoms,33.24,6329.434299999999
0,Diatoms,13.17,12.14405714285714
0,Diatoms,11.08,631.1801285714286
0,Diatoms,26.35,38.75155714285713
0,Diatoms,65.87,223.11862857142862
0,Diatoms,30.3,180.74641428571437
0,Diatoms,56.65,99.18892857142855
0,Diatoms,500.63,28159.74862857143
0,Diatoms,329.36,4190.487557142856
0,Diatoms,365.59,187.51612857142817
0,Diatoms,108.69,9428.229999999998
0,Diatoms,161.39,396.7557142857141
0,Diatoms,55.39,1605.1428571428567
0,Diatoms,941.66,112210.64469999999
0,Diatoms,139.37,91952.74915714284
0,Diatoms,1014.432,146247.59560128572
0,Diatoms,69.825,127468.91206414285
0,Diatoms,39.523,131.17302914285713
0,Diatoms,57.968,48.602575
0,Diatoms,1584.212,332774.39250514284
0,Diatoms,2193.524,53037.3019062857
0,Diatoms,465.293,426683.19848014275
0,Diatoms,354.509,1753.2992365714283
0,Diatoms,11.0779999999999,11.835200571428313
0,Diatoms,19.76,41.870628571428576
0,Diatoms,13.17,24.816057142857147
0,Diatoms,54.35,3503101.3947999994
0,Diatoms,82.34,111.9200142857143
0,Diatoms,25.25,1244.088914285714
0,Diatoms,10.54,30.91201428571429
0,Diatoms,11.2,0.06222857142857146
0,Diatoms,132.94,2117.232514285714
0,Diatoms,166.18,157.84251428571437
0,Diatoms,44.31,2121.7567000000004
0,Diatoms,22.16,34.632128571428574
0,Diatoms,13668.48,7985414.674299999
0,Diatoms,296.43,25544531.60035714
0,Diatoms,1580.93,235705.75
0,Diatoms,526.98,158687.22892857142
0,Diatoms,88.63,631.1801285714286
0,Diatoms,44.31,280.6089142857142
0,Diatoms,177.25,2524.720514285714
0,Diatoms,44.31,70.15222857142855
0,Diatoms,2832.5,1110571.925157143
0,Diatoms,276.96,932969.2416571428
0,Diatoms,332.35,1480.4628571428573
0,Diatoms,243.73,1121.929200000001
0,Diatoms,22.16,7013.323557142857
0,Diatoms,132.94,1753.1726285714285
0,Diatoms,44.31,1122.1824142857142
0,Diatoms,11.08,157.74755714285718
0,Diatoms,55.39,280.4823
0,Diatoms,609.31,241.31571428571456
0,Diatoms,376.67,7731.624228571424
0,Diatoms,321.27,438.4514285714291
0,Diatoms,13.17,908.5803571428571
0,Diatoms,11.08,1018.5876571428571
0,Diatoms,34.0,41.285714285714285
0,Diatoms,17.0,41.285714285714285
0,Diatoms,51.0,165.14285714285714
0,Diatoms,17.0,165.14285714285714
0,Diatoms,20.4,1.65142857142857
0,Diatoms,13.6,6.605714285714284
0,Diatoms,17.0,14.862857142857141
0,Diatoms,11.44,3.0756571428571426
0,Diatoms,10.2,0.21965714285714294
0,Diatoms,13.6,1.6514285714285717
0,Diatoms,26.32,55.666800000000016
0,Diatoms,22.16,50.86812857142858
0,Diatoms,32.94,154.91212857142864
0,Diatoms,65.87,154.91212857142864
0,Diatoms,11.08,8.669157142857143
0,Diatoms,11.08,17.538057142857145
0,Diatoms,22.16,50.86812857142858
0,Diatoms,11.08,8.669157142857143
0,Diatoms,22.16,84.35571428571428
0,Diatoms,22.16,32.18572857142858
0,Diatoms,11.0779999999999,2.88129728571417
0,Diatoms,391.0,20347.251428571424
0,Diatoms,867.0,104041.65142857142
0,Diatoms,102.0,83603.57142857143
0,Diatoms,2244.0,655452.0
0,Diatoms,1190.0,158702.2857142857
0,Diatoms,10.2,9.51222857142857
0,Diatoms,85.0,799.2914285714286
0,Diatoms,95.2,14.862857142857152
0,Diatoms,292.4,5555.405714285714
0,Diatoms,442.0,3197.1657142857152
0,Diatoms,1275.0,99127.0
0,Diatoms,544.0,76337.28571428571
0,Diatoms,204.0,16514.285714285714
0,Diatoms,10.2,596.1657142857141
0,Diatoms,102.0,1203.8914285714286
0,Diatoms,12.24,1.0569142857142861
0,Diatoms,163.2,2140.2514285714283
0,Diatoms,1094.8,123982.65142857141
0,Diatoms,340.0,81389.0057142857
0,Diatoms,11.56,4397.027657142857
0,Diatoms,28.56,38.04891428571428
0,Diatoms,27.2,0.2642285714285712
0,Diatoms,102.0,799.2914285714286
0,Diatoms,68.0,165.14285714285714
0,Diatoms,20.4,6.605714285714284
0,Diatoms,81.6,535.0628571428571
0,Diatoms,12.92,2409.8306285714293
0,Diatoms,10.2,1.0569142857142861
0,Diatoms,163.2,3710.363657142857
0,Diatoms,136.0,105.69142857142847
0,Diatoms,115.6,1691.062857142857
0,Diatoms,44.2,728.2799999999999
0,Diatoms,20.4,26.422857142857136
0,Diatoms,86.7,763.3728571428574
0,Diatoms,904.4,95519.04142857142
0,Diatoms,55.08,103049.20891428569
0,Diatoms,231.2,4431.1792000000005
0,Diatoms,14.96,30.53491428571429
0,Diatoms,22.44,7.992914285714287
0,Diatoms,238.0,6638.01622857143
0,Diatoms,360.4,2140.251428571428
0,Diatoms,629.0,10306.565714285714
0,Diatoms,30.6,1.65142857142857
0,Diatoms,632.4,51737.6057142857
0,Diatoms,1532.46,115729.7148
0,Diatoms,741.2,89441.76965714285
0,Diatoms,423.14,14451.737657142863
0,Diatoms,68.62,168.1680142857143
0,Diatoms,20.4,332.16691428571437
0,Diatoms,22.87,0.8715571428571446
0,Diatoms,34.31,7.221728571428578
0,Diatoms,34.0,133.7657142857143
0,Diatoms,47.6,26.422857142857147
0,Diatoms,15.13,150.61441428571428
0,Diatoms,11.19,15.840128571428568
0,Diatoms,111.86,303.07479999999987
0,Diatoms,30.71,123.39601428571429
0,Diatoms,121.73,1183.5200571428575
0,Diatoms,480.34,18371.590299999996
0,Diatoms,134.89,17047.9575
0,Diatoms,46.06,1127.2526999999995
0,Diatoms,26.32,55.666800000000016
0,Diatoms,52.64,303.0748
0,Diatoms,92.12,222.66720000000007
0,Diatoms,46.06,303.0748
0,Diatoms,39.48,6.18520000000001
0,Diatoms,1272.62,217233.46565714283
0,Diatoms,592.2,66138.76805714282
0,Diatoms,542.85,347.91750000000036
0,Diatoms,329.0,6533.117500000001
0,Diatoms,33.2,23.62565714285714
0,Diatoms,32.9,0.012857142857143223
0,Diatoms,197.4,3865.75
0,Diatoms,368.48,4181.1952
0,Diatoms,116.47,9072.720014285716
0,Diatoms,134.89,48.47091428571422
0,Diatoms,42.82,55.779657142857126
0,Diatoms,13.17,2.2289285714285705
0,Diatoms,500.63,33945.32165714286
0,Diatoms,952.74,29200.49315714286
0,Diatoms,250.31,70486.84355714287
0,Diatoms,11.08,8175.856128571429
0,Diatoms,148.21,2686.3767
0,Diatoms,65.87,968.5536571428572
0,Diatoms,1949.8,507027.46355714276
0,Diatoms,66.47,506704.5555571428
0,Diatoms,131.74,608.5961285714287
0,Diatoms,59.29,332.0291571428571
0,Diatoms,263.49,30373.315714285716
0,Diatoms,144.92,2008.406414285715
0,Diatoms,642.55,35376.5167
0,Diatoms,2173.78,334952.187557143
0,Diatoms,144.02,588560.8082285715
0,Diatoms,210.79,636.8904142857139
0,Diatoms,288.04,852.5089285714292
0,Diatoms,66.47,7013.323557142859
0,Diatoms,11.08,2.880014285714286
0,Diatoms,997.06,138879.5086285714
0,Diatoms,184.44,94335.8949142857
0,Diatoms,443.14,9560.812857142855
0,Diatoms,1916.56,310138.0709142857
0,Diatoms,125.16,458444.85142857133
0,Diatoms,39.52,1047.7442285714283
0,Diatoms,3678.03,1891250.717157143
0,Diatoms,44.31,157.74755714285718
0,Diatoms,66.47,280.4823
0,Diatoms,155.1,1122.1824142857142
0,Diatoms,125.16,155.00622857142852
0,Diatoms,1107.84,137951.42605714285
0,Diatoms,841.96,10098.882057142848
0,Diatoms,148.67,68664.43201428573
0,Diatoms,263.49,1883.3760571428577
0,Diatoms,177.25,1062.4768000000001
0,Diatoms,26.35,554.1140571428571
0,Diatoms,44.31,17.50641428571429
0,Diatoms,625.79,25971.414914285713
0,Diatoms,520.69,1578.0014285714258
0,Diatoms,321.27,5681.1909142857185
0,Diatoms,3389.99,1264366.5000142853
0,Diatoms,2880.39,37098.87999999999
0,Diatoms,606.02,738965.5566999998
0,Diatoms,1053.96,28664.320514285722
0,Diatoms,197.62,104759.74222857144
0,Diatoms,65.87,2479.723214285714
0,Diatoms,11.08,428.8491571428572
0,Diatoms,21.41,23.58892857142857
0,Diatoms,46.11,87.15571428571427
0,Diatoms,49.4,1.5462999999999991
0,Diatoms,46.11,1.5462999999999991
0,Diatoms,144.02,1369.4811571428575
0,Diatoms,19.76,2205.7925142857143
0,Diatoms,210.49,5196.847557142858
0,Diatoms,428.17,6769.226057142858
0,Diatoms,210.49,6769.226057142858
0,Diatoms,199.41,17.53805714285718
0,Diatoms,823.4,55623.36001428572
0,Diatoms,13.17,93781.80755714285
0,Diatoms,753.33,1106.788628571431
0,Diatoms,299.12,29472.38915714286
0,Diatoms,33.24,10098.882057142857
0,Diatoms,188.33,3436.1297285714286
0,Diatoms,19.76,1791.3600571428574
0,Diatoms,44.31,86.10035714285713
0,Diatoms,55.39,17.538057142857138
0,Diatoms,199.41,2963.1086285714277
0,Diatoms,2042.04,485040.7595571428
0,Diatoms,526.98,327915.2576571428
0,Diatoms,23.06,36276.48091428572
0,Diatoms,65.87,24.77841428571429
0,Diatoms,131.74,619.8367000000001
0,Diatoms,1772.54,12049.11091428572
0,Diatoms,55.39,421229.1603571428
0,Diatoms,88.63,157.84251428571423
0,Diatoms,11.08,17.538057142857145
0,Diatoms,98.81,619.8367000000001
0,Diatoms,526.98,26189.93555714286
0,Diatoms,461.11,619.8367000000001
0,Diatoms,856.34,22315.250414285718
0,Diatoms,922.21,119765.71205714285
0,Diatoms,329.36,50210.160357142864
0,Diatoms,33.24,12526.722057142859
0,Diatoms,11.08,70.1522285714286
0,Diatoms,230.55,6881.011557142857
0,Diatoms,13.17,13.944914285714281
0,Diatoms,197.62,4860.257500000001
0,Diatoms,1096.76,115493.2485142857
0,Diatoms,1772.54,65239.801199999994
0,Diatoms,974.9,90889.9385142857
0,Diatoms,221.57,81072.29841428569
0,Diatoms,1141.08,120785.5200142857
0,Diatoms,44.31,171843.4904142857
0,Diatoms,32.94,18.468128571428586
0,Diatoms,362.3,15496.858514285716
0,Diatoms,263.49,1394.7737285714286
0,Diatoms,724.59,18750.577728571432
0,Diatoms,88.93,57723.37651428573
0,Diatoms,19.76,24.77841428571429
0,Diatoms,46.11,55.77965714285717
0,Diatoms,99.71,438.45142857142844
0,Diatoms,16.47,9.699657142857138
0,Diatoms,23.06,6.204014285714286
0,Diatoms,26.35,24.816057142857147
0,Diatoms,33.24,6.781728571428572
0,Diatoms,32.94,0.012857142857143223
0,Diatoms,930.59,115110.78892857146
0,Diatoms,691.66,8155.363557142861
0,Diatoms,11.08,4279.526628571428
0,Diatoms,36.23,21945.280514285714
0,Diatoms,2569.02,916432.1691571429
0,Diatoms,13.17,933195.6032142856
0,Diatoms,98.81,3874.214628571429
0,Diatoms,1383.32,250436.49155714284
0,Diatoms,8297.72,6829846.765714285
0,Diatoms,118.57,9556927.817499999
0,Diatoms,105.4,750.0645142857145
0,Diatoms,132.94,108.3502285714285
0,Diatoms,477.14,16924.805714285714
0,Diatoms,121.86,438.2931571428571
0,Diatoms,44.31,859.1432142857142
0,Diatoms,111.98,8951.4432
0,Diatoms,952.74,100982.48251428572
0,Diatoms,200.91,80749.76412857145
0,Diatoms,19.76,4687.903214285715
0,Diatoms,3128.93,1380991.1555571426
0,Diatoms,889.27,716582.4165142856
0,Diatoms,420.98,25238.414628571427
0,Diatoms,930.59,37100.33601428572
0,Diatoms,1228.52,147009.7464142857
0,Diatoms,408.41,96082.91601428569
0,Diatoms,467.69,502.0169142857138
0,Diatoms,303.01,3874.214628571429
0,Diatoms,23.06,55.83612857142857
0,Diatoms,23.71,55.779657142857154
0,Diatoms,98.81,1357.7571571428575
0,Diatoms,110.78,20.468699999999995
0,Diatoms,16.47,1270.6251571428572
0,Diatoms,461.11,28243.532799999997
0,Diatoms,625.79,3874.214628571426
0,Diatoms,66.47,280.4823
0,Diatoms,39.52,103.75749999999996
0,Diatoms,309.6,10420.458057142861
0,Diatoms,232.65,6079.955714285715
0,Diatoms,85.63,3087.8400571428574
0,Diatoms,23.06,59.56805714285713
0,Diatoms,678.48,61367.91091428573
0,Diatoms,2127.05,299765.0064142858
0,Diatoms,42.82,620573.5275571429
0,Diatoms,16.47,31.37605714285714
0,Diatoms,11.08,4.150299999999999
0,Diatoms,46.11,619.8367000000001
0,Diatoms,155.1,1696.9742999999999
0,Diatoms,66.47,1122.1824142857142
0,Diatoms,139.37,308.36165714285727
0,Diatoms,132.94,5.906414285714298
0,Diatoms,35.57,25.68972857142857
0,Diatoms,111.98,834.0697285714285
0,Diatoms,154.8,261.93605714285724
0,Diatoms,227.26,750.0645142857138
0,Diatoms,39.52,5035.186799999999
0,Diatoms,19.76,55.779657142857154
0,Diatoms,32.94,2.240228571428568
0,Diatoms,13.17,55.83612857142855
0,Diatoms,110.78,1361.1017285714286
0,Diatoms,52.7,481.8980571428571
0,Diatoms,263.49,6347.489157142859
0,Diatoms,409.9,3062.269728571427
0,Diatoms,1839.02,291769.1392
0,Diatoms,2090.6,9041.785199999995
0,Diatoms,619.44,309187.39222857135
0,Diatoms,88.63,40251.32230000001
0,Diatoms,23.71,3754.6992
0,Diatoms,309.72,11685.960014285718
0,Diatoms,88.63,6982.96972857143
0,Diatoms,243.73,3000.2580571428566
0,Diatoms,144.02,2802.8007000000007
0,Diatoms,59.29,1025.596128571429
0,Diatoms,33.24,96.94321428571426
0,Diatoms,4475.675,848597.5268572859
0,Diatoms,420.978999999999,2348651.378916573
0,Diatoms,185.830999999999,7899.225986285716
0,Diatoms,376.666,3944.9232822857134
0,Diatoms,278.747,1369.7329372857137
0,Diatoms,33.2349999999999,40.161755571428095
0,Diatoms,88.6269999999999,438.3248091428571
0,Diatoms,44.314,70.13323557142857
0,Diatoms,92.9159999999999,1164.379851571426
0,Diatoms,33.235,508.8316801428554
0,Diatoms,288.038,9274.938401285714
0,Diatoms,110.784,4488.425788000001
0,Diatoms,73.78,3082.381728571428
0,Diatoms,12.19,65025.6584142857
0,Diatoms,1794.7,405083.79520000005
0,Diatoms,2603.43,93434.8875571428
0,Diatoms,288.04,765861.5503
0,Diatoms,355.71,16761.950228571422
0,Diatoms,92.92,9865.51201428571
0,Diatoms,65.87,104.52892857142855
0,Diatoms,83.09,42.3612
0,Diatoms,54.02,120.72355714285713
0,Diatoms,19.76,48.57622857142858
0,Diatoms,42.82,75.96622857142857
0,Diatoms,819.8,86242.56005714284
0,Diatoms,339.24,32991.13051428571
0,Diatoms,55.39,11510.117500000002
0,Diatoms,238.19,4773.691428571429
0,Diatoms,974.9,77534.51772857143
0,Diatoms,71.14,116683.16251428572
0,Diatoms,283.25,6427.236014285715
0,Diatoms,309.6,99.18892857142875
0,Diatoms,635.67,43220.57165714285
0,Diatoms,2163.9,333640.9904142857
0,Diatoms,303.01,494701.6560142858
0,Diatoms,509.61,6097.65142857143
0,Diatoms,401.82,1659.812014285715
0,Diatoms,1329.41,122917.6011571429
0,Diatoms,1617.45,11852.434514285711
0,Diatoms,278.75,256016.81285714288
0,Diatoms,30.97,8770.704057142857
0,Diatoms,99.71,17.538057142857138
0,Diatoms,39.52,517.5480142857142
0,Diatoms,650.41,53312.3703
0,Diatoms,309.72,16581.382299999994
0,Diatoms,720.1,24058.82062857143
0,Diatoms,209.06,37308.84022857143
0,Diatoms,1030.9,96488.71222857146
0,Diatoms,41.5,139844.62285714288
0,Diatoms,276.24,7871.83822857143
0,Diatoms,348.43,744.4851571428571
0,Diatoms,345.83,0.9657142857143025
0,Diatoms,88.63,961.5087999999998
0,Diatoms,177.25,1121.9292
0,Diatoms,278.75,1471.75
0,Diatoms,36.83,8360.755200000001
0,Diatoms,162.6,2259.727557142857
0,Diatoms,16.47,75.90035714285717
0,Diatoms,32.94,38.75155714285713
0,Diatoms,22.16,16.601199999999995
0,Diatoms,11.08,17.538057142857145
0,Diatoms,77.55,801.6440142857142
0,Diatoms,22.16,438.2931571428571
0,Diatoms,131.74,1715.396628571429
0,Diatoms,1728.23,364111.4743
0,Diatoms,354.51,269586.66262857144
0,Diatoms,696.87,16744.338514285715
0,Diatoms,116.15,48176.531200000005
0,Diatoms,830.88,72976.99612857144
0,Diatoms,1146.18,14202.012857142863
0,Diatoms,3112.68,552446.0357142856
0,Diatoms,929.16,681108.5129142858
0,Diatoms,1362.76,26858.42285714286
0,Diatoms,603.95,82256.08801428569
0,Diatoms,1920.26,247524.5737285714
0,Diatoms,2503.72,48632.224514285685
0,Diatoms,8907.04,5857501.003200003
0,Diatoms,3578.32,4056465.2626285735
0,Diatoms,1393.74,681769.9680571428
0,Diatoms,743.33,60433.309728571425
0,Diatoms,1240.78,35350.92892857142
0,Diatoms,697.94,42096.466514285705
0,Diatoms,709.02,17.53805714285691
0,Diatoms,204.95,36298.0807
0,Diatoms,23.71,4692.5625142857125
0,Diatoms,731.18,71501.97155714284
0,Diatoms,221.57,37100.336014285705
0,Diatoms,434.76,6492.853728571428
0,Diatoms,854.82,25207.20051428572
0,Diatoms,210.49,59308.73555714286
0,Diatoms,88.63,2121.408514285715
0,Diatoms,1550.98,305495.36035714287
0,Diatoms,443.14,175329.92365714288
0,Diatoms,301.98,2846.5922285714273
0,Diatoms,32.94,10340.36022857143
0,Diatoms,19.76,24.816057142857126
0,Diatoms,23.055,1.549121285714285
0,Diatoms,289.838,10167.595584142857
0,Diatoms,108.689,4687.851457285716
0,Diatoms,1362.644,224629.02028928566
0,Diatoms,365.587,142017.52303557142
0,Diatoms,1839.015,310141.4387405715
0,Diatoms,33.2349999999999,465834.4869142858
0,Diatoms,44.314,17.53489157142889
0,Diatoms,1068.53,137172.84134414286
0,Diatoms,650.41,24974.904914285715
0,Diatoms,22.157,631.1801285714266
0,Diatoms,155.098,2524.7584972857144
0,Diatoms,69.1659999999999,1054.901232000003
0,Diatoms,2071.661,572855.1750035716
0,Diatoms,59.285,578522.4521965714
0,Diatoms,546.739,33944.48601657144
0,Diatoms,414.995,2479.497362285715
0,Diatoms,65.872,17412.40987557143
0,Diatoms,557.494,34527.45584057143
0,Diatoms,3112.675,932707.1346801429
0,Diatoms,418.120999999999,1037231.6084165722
0,Diatoms,376.666,245.5024321428455
0,Diatoms,1068.53,68382.25635657144
0,Diatoms,110.784,131039.62864514286
0,Diatoms,207.497,1336.2006241428574
0,Diatoms,376.666,4088.3072229999993
0,Diatoms,620.390999999999,8485.982232142791
0,Diatoms,598.234,70.13323557142233
0,Diatoms,62.579,40989.46843214287
0,Diatoms,42.817,55.790949142857144
0,Diatoms,132.941,2401.1920869999994
0,Diatoms,110.784,70.13323557142856
0,Diatoms,13.6,19.09051428571428
0,Diatoms,13.6,6.605714285714285
0,Diatoms,34.0,59.451428571428565
0,Diatoms,44.31,86.10035714285713
0,Diatoms,13.17,13.944914285714281
0,Diatoms,98.81,1047.7442285714285
0,Diatoms,22.16,839.3175000000001
0,Diatoms,44.31,70.08892857142858
0,Diatoms,74.33,128.74291428571425
0,Diatoms,11.08,175.3001285714286
0,Diatoms,33.24,1386.0357142857142
0,Diatoms,16.47,40.176128571428585
0,Diatoms,14.49,8.915714285714285
0,Diatoms,19.76,29.99430000000001
0,Diatoms,59.29,4030.560128571429
0,Diatoms,22.157,70.13323557142857
0,Diatoms,20.4,21.402514285714282
0,Diatoms,10.2,12.947199999999999
0,Diatoms,37.4,105.69142857142856
0,Diatoms,9350.0,10992569.142857144
0,Diatoms,1428.0,277605.14285714284
0,Diatoms,51.0,9289.285714285714
0,Diatoms,47.6,105.69142857142859
0,Diatoms,10.2,7.992914285714283
0,Diatoms,455.6,29564.60091428572
0,Diatoms,204.0,9043.222857142859
0,Diatoms,136.0,660.5714285714286
0,Diatoms,20.4,33.44142857142857
0,Diatoms,40.8,59.451428571428565
0,Diatoms,10.2,9.51222857142857
0,Diatoms,68.0,596.1657142857141
0,Diatoms,142.8,799.2914285714288
0,Diatoms,272.0,2384.6628571428564
0,Diatoms,119.0,3344.1428571428573
0,Diatoms,170.0,371.57142857142856
0,Diatoms,115.6,422.76571428571435
0,Diatoms,2291.6,676425.1428571428
0,Diatoms,20.4,799.2914285714288
0,Diatoms,74.8,422.76571428571424
0,Diatoms,23.8,371.57142857142856
0,Diatoms,95.2,728.2800000000001
0,Diatoms,34.31,529.6560142857143
0,Diatoms,108.8,792.6800142857143
0,Diatoms,68.62,230.63319999999993
0,Diatoms,442.0,23744.448014285714
0,Diatoms,27.2,24579.86285714286
0,Diatoms,57.18,74.71955714285711
0,Diatoms,27.2,128.40005714285715
0,Diatoms,125.8,1388.8514285714284
0,Diatoms,13.6,1798.4057142857143
0,Diatoms,20.4,6.605714285714284
0,Diatoms,26.32,6.1851999999999965
0,Diatoms,13.6,23.114057142857146
0,Diatoms,29.61,36.61715714285713
0,Diatoms,11.07,49.10451428571428
0,Diatoms,13.16,20.026514285714285
0,Diatoms,55.33,254.04412857142862
0,Diatoms,11.07,279.8496571428571
0,Diatoms,493.5,33248.38641428571
0,Diatoms,55.33,27427.56412857143
0,Diatoms,11.07,279.8496571428571
0,Diatoms,98.7,1300.4382999999998
0,Diatoms,66.4,149.04142857142853
0,Diatoms,52.64,261.3247
0,Diatoms,72.38,501.0012
0,Diatoms,52.64,55.666799999999974
0,Diatoms,32.9,55.666800000000016
0,Diatoms,177.06,2968.8722285714284
0,Diatoms,2467.5,749445.0562285715
0,Diatoms,2039.8,26132.470000000005
0,Diatoms,188.13,4880.832228571429
0,Diatoms,33.2,3429.0435571428575
0,Diatoms,65.8,151.8228571428571
0,Diatoms,287.72,7035.498057142859
0,Diatoms,32.9,9276.176057142859
0,Diatoms,263.2,7576.869999999998
0,Diatoms,52.64,6333.6448
0,Diatoms,16.45,187.10229999999999
0,Diatoms,98.7,966.4375
0,Diatoms,16.45,966.4375
0,Diatoms,254.52,8096.760700000001
0,Diatoms,13.16,13.916700000000004
0,Diatoms,98.81,839.3175000000001
0,Diatoms,329.36,7593.328928571429
0,Diatoms,5406.26,3682130.515714287
0,Diatoms,420.98,3550430.9540571435
0,Diatoms,131.74,11951.3968
0,Diatoms,592.85,2953.6520142857125
0,Diatoms,1515.06,318392.9157142857
0,Diatoms,66.47,512.2306285714285
0,Diatoms,22.16,280.4823
0,Diatoms,557.49,23131.101728571426
0,Diatoms,110.78,280.4823
0,Diatoms,2027.35,524748.6521285714
0,Diatoms,155.1,500760.0089285714
0,Diatoms,52.7,1497.965714285714
0,Diatoms,11.53,242.1384142857143
0,Diatoms,631.47,54903.65765714287
0,Diatoms,197.62,26889.403214285714
0,Diatoms,132.94,597.6432000000002
0,Diatoms,11.08,2121.4085142857143
0,Diatoms,105.4,743.8665142857143
0,Diatoms,625.79,38686.53601428571
0,Diatoms,494.04,2479.7232142857124
0,Diatoms,49.4,28243.532800000008
0,Diatoms,99.71,361.58515714285704
0,Diatoms,3425.35,1579983.0585142856
0,Diatoms,131.74,1549695.2617285713
0,Diatoms,66.47,70.15222857142855
0,Diatoms,790.47,86778.39601428571
0,Diatoms,32.94,81978.8144142857
0,Diatoms,230.55,5578.5303
0,Diatoms,1218.64,139474.54972857147
0,Diatoms,1383.32,3874.214628571421
0,Diatoms,908.43,32217.216014285714
0,Diatoms,32.94,109497.53430000001
0,Diatoms,61.94,120.14285714285714
0,Diatoms,11.08,369.53422857142857
0,Diatoms,13.17,6.1852
0,Diatoms,13.17,254.64691428571427
0,Diatoms,121.86,1687.645157142857
0,Diatoms,65.87,447.8400142857142
0,Diatoms,55.39,15.690057142857155
0,Diatoms,99.71,280.6089142857142
0,Diatoms,164.68,603.0144142857145
0,Diatoms,243.73,67396.66565714286
0,Diatoms,155.1,1753.4891571428568
0,Diatoms,11.08,2963.1086285714277
0,Diatoms,66.47,438.2931571428571
0,Diatoms,22.16,11.545728571428572
0,Diatoms,33.24,70.1522285714286
0,Diatoms,55.39,70.08892857142857
0,Diatoms,197.62,2889.910414285715
0,Diatoms,1119.83,121495.8977285714
0,Diatoms,131.74,139474.5497285714
0,Diatoms,686.86,66752.56355714287
0,Diatoms,11.08,65239.801199999994
0,Diatoms,686.86,65239.801199999994
0,Diatoms,2997.18,762511.2146285713
0,Diatoms,32.94,1255245.5396571425
0,Diatoms,32.94,99.18892857142855
0,Diatoms,263.49,2479.723214285714
0,Diatoms,88.63,4368.0028
0,Diatoms,11.08,859.1432142857142
0,Diatoms,1021.02,145711.25765714285
0,Diatoms,33.24,139387.04691428572
0,Diatoms,1086.89,104759.74222857146
0,Diatoms,823.4,9918.140014285722
0,Diatoms,395.23,26189.935557142853
0,Diatoms,32.94,168761.41029999996
0,Diatoms,177.25,2975.0537285714286
0,Diatoms,66.47,1753.1726285714285
0,Diatoms,806.93,78325.85879999997
0,Diatoms,155.1,60697.4784142857
0,Diatoms,22.16,34.632128571428574
0,Diatoms,65.87,155.00622857142852
0,Diatoms,230.55,5561.605157142857
0,Diatoms,520.69,12025.888514285718
0,Diatoms,988.08,136696.46285714288
0,Diatoms,362.3,55942.94405714285
0,Diatoms,36.23,15188.806414285715
0,Diatoms,36.23,99.18892857142852
0,Diatoms,46.11,3357.2700000000004
0,Diatoms,576.08,40124.02870000001
0,Diatoms,592.85,40.176128571428485
0,Diatoms,263.49,15496.858514285716
0,Diatoms,1104.95,101150.70451428571
0,Diatoms,44.31,160708.17280000003
0,Diatoms,32.94,1394.491428571429
0,Diatoms,65.87,154.91212857142864
0,Diatoms,164.68,619.8367000000001
0,Diatoms,59.29,448.0
0,Diatoms,724.59,63232.01285714287
0,Diatoms,1096.76,19787.215557142852
0,Diatoms,22.16,50.86812857142858
0,Diatoms,14.49,15.87022857142857
0,Diatoms,38.21,142.83205714285717
0,Diatoms,18.44,55.83612857142857
0,Diatoms,14.49,2.2289285714285727
0,Diatoms,43.48,261.9360571428571
0,Diatoms,32.94,15.87022857142857
0,Diatoms,39.52,194.30491428571432
0,Diatoms,36.89,0.9881285714285734
0,Diatoms,19.76,41.91955714285714
0,Diatoms,355.71,16123.200357142856
0,Diatoms,111.98,8486.330414285712
0,Diatoms,398.82,11753.883657142855
0,Diatoms,401.8,1.268628571428587
0,Diatoms,625.79,7167.360014285711
0,Diatoms,1285.1,62098.525157142845
0,Diatoms,243.73,154921.6395571428
0,Diatoms,354.51,1753.1726285714285
0,Diatoms,33.24,14744.916128571425
0,Diatoms,155.1,2121.408514285714
0,Diatoms,22.16,2524.720514285714
0,Diatoms,144.02,1762.6809142857146
0,Diatoms,494.04,17502.000057142857
0,Diatoms,88.63,1040.4165142857141
0,Diatoms,65.87,447.84001428571435
0,Diatoms,487.45,1420.297728571428
0,Diatoms,29.64,114.57462857142858
0,Diatoms,16.47,24.77841428571429
0,Diatoms,19.76,1.5463000000000025
0,Diatoms,131.74,396.60515714285737
0,Diatoms,1416.25,235709.42001428572
0,Diatoms,263.49,189836.5168
0,Diatoms,230.55,155.00622857142852
0,Diatoms,132.94,859.1432142857142
0,Diatoms,26.35,33.310414285714295
0,Diatoms,214.09,5035.1868
0,Diatoms,420.98,24923.562299999998
0,Diatoms,26.35,22247.548128571427
0,Diatoms,11.08,8.669157142857143
0,Diatoms,13.17,1.5462999999999991
0,Diatoms,310.2,3436.1297285714304
0,Diatoms,148.67,3727.420128571429
0,Diatoms,1449.48,241729.52229999998
0,Diatoms,975.62,32077.614228571427
0,Diatoms,44.31,123905.47372857142
0,Diatoms,111.5,644.9280142857142
0,Diatoms,332.35,6967.817500000002
0,Diatoms,929.16,50883.1680142857
0,Diatoms,185.83,78934.21269999999
0,Diatoms,232.65,313.1589142857142
0,Diatoms,44.31,5067.422228571429
0,Diatoms,276.96,7732.288928571427
0,Diatoms,22.16,9274.72
0,Diatoms,10034.89,14322108.864699999
0,Diatoms,325.21,13468269.386057142
0,Diatoms,16.47,13617.19822857143
0,Diatoms,155.1,2745.468128571428
0,Diatoms,531.76,20267.53651428571
0,Diatoms,46.11,33693.70321428571
0,Diatoms,44.13,0.560057142857141
0,Diatoms,11.08,156.04321428571433
0,Diatoms,123.89,548.0805142857145
0,Diatoms,33.24,1173.9175
0,Diatoms,22.16,2524.720514285714
0,Diatoms,10592.39,11844928.706799999
0,Diatoms,47.43,15885168.77165714
0,Diatoms,4831.62,3269781.9937285706
0,Diatoms,620.39,2533494.016128571
0,Diatoms,33.24,49249.30321428571
0,Diatoms,642.55,53036.95372857142
0,Diatoms,92.22,43266.1584142857
0,Diatoms,276.96,4875.552514285713
0,Diatoms,26.35,8972.196014285713
0,Diatoms,620.39,50411.93165714286
0,Diatoms,11.08,13.60822857142857
0,Diatoms,675.783,65113.20219657144
0,Diatoms,1772.544,171840.67016014285
0,Diatoms,686.860999999999,168386.79664128606
0,Diatoms,1579.566,113846.0310035717
0,Diatoms,221.568,263451.22400057147
0,Diatoms,372.922,3272.5761880000005
0,Diatoms,88.6269999999999,11546.235289285725
0,Diatoms,177.253999999999,1122.1064469999772
0,Diatoms,1440.192,227858.9131205718
0,Diatoms,789.783,60433.12389728572
0,Diatoms,88.6269999999999,70231.3909051429
0,Diatoms,33.2349999999999,438.3248091428571
0,Diatoms,686.860999999999,61032.42112514268
0,Diatoms,310.194999999999,20268.182222285708
0,Diatoms,79.0469999999999,7632.771129142799
0,Diatoms,631.469,43595.72372628574
0,Diatoms,1340.487,71815.21776057144
0,Diatoms,642.547,69588.60622857144
0,Diatoms,265.882,20268.074603571433
0,Diatoms,1750.388,314822.58057657134
0,Diatoms,1161.446,191398.9085765714
0,Diatoms,199.411,132215.90588928567
0,Diatoms,1816.858,373733.5425441428
0,Diatoms,321.274,319538.7858651428
0,Diatoms,22.157,12781.568527000001
0,Diatoms,709.02,69588.60622857141
0,Diatoms,609.31,1420.2977285714296
0,Diatoms,443.14,3944.6384142857123
0,Diatoms,418.12,1.168514285714297
0,Diatoms,247.78,4145.102228571429
0,Diatoms,42.82,6001.2288
0,Diatoms,454.52,24213.841428571428
0,Diatoms,1951.23,320020.11772857147
0,Diatoms,88.63,961.5087999999998
0,Diatoms,59.29,480.0744142857143
0,Diatoms,33.24,128.14321428571432
0,Diatoms,121.86,1121.9292
0,Diatoms,61.94,87.65041428571426
0,Diatoms,30.97,137.02012857142856
0,Diatoms,433.61,24058.82062857143
0,Diatoms,5296.19,3377812.0366285713
0,Diatoms,162.6,3764820.898299999
0,Diatoms,26.35,2652.0089285714284
0,Diatoms,23.23,28.08005714285714
0,Diatoms,1008.14,144246.2175
0,Diatoms,786.57,7013.323557142853
0,Diatoms,3128.16,783291.9611571425
0,Diatoms,147.33,1269335.355557143
0,Diatoms,232.29,1031.1716571428567
0,Diatoms,22.16,21.54262857142857
0,Diatoms,19.76,0.822857142857142
0,Diatoms,18.12,0.3842285714285717
0,Diatoms,11.08,0.2057142857142855
0,Diatoms,731.18,74324.81285714285
0,Diatoms,387.74,16850.147657142854
0,Diatoms,464.58,843.4836571428566
0,Diatoms,116.15,17343.352128571423
0,Diatoms,144.02,110.96241428571432
0,Diatoms,632.37,34069.38892857143
0,Diatoms,3159.13,912073.7282285716
0,Diatoms,69.69,1363519.9305142858
0,Diatoms,557.49,33992.69142857143
0,Diatoms,325.21,7707.714057142859
0,Diatoms,92.92,7708.377728571426
0,Diatoms,66.47,99.94321428571432
0,Diatoms,509.61,28053.294228571427
0,Diatoms,265.88,8486.330414285716
0,Diatoms,2276.43,577473.0432142855
0,Diatoms,5342.65,1343100.7269142854
0,Diatoms,99.71,3926917.1205142853
0,Diatoms,166.18,631.1801285714289
0,Diatoms,23.055,38.7421462857143
0,Diatoms,174.561,3279.1525765714287
0,Diatoms,69.166,1586.8722892857147
0,Diatoms,853.037,87779.10637728575
0,Diatoms,808.723,280.53294228571525
0,Diatoms,4763.713,2234563.7000142853
0,Diatoms,553.919999999999,2531765.300407001
0,Diatoms,598.234,280.5329422857268
0,Diatoms,3124.11,911435.6524822859
0,Diatoms,299.117,1140083.6357212856
0,Diatoms,8083.663,8657022.346587999
0,Diatoms,4878.073,1467972.464014285
0,Diatoms,576.077,2643881.369145143
0,Diatoms,443.136,27637.283566285718
0,Diatoms,38.206,194.39976014285716
0,Diatoms,418.120999999999,24583.062846999885
0,Diatoms,650.41,7708.31136014292
0,Diatoms,3344.964,1494274.3246285713
0,Diatoms,33.2349999999999,1566792.7099201432
0,Diatoms,33.2349999999999,101.44512914285637
0,Diatoms,22.157,17.53172628571397
0,Diatoms,33.2349999999999,17.53172628571397
0,Diatoms,99.706,1122.1317691428596
0,Diatoms,27.2,88.78641428571429
0,Diatoms,14.28,21.402514285714282
0,Diatoms,20.4,799.2914285714288
0,Diatoms,13.6,6.605714285714284
0,Diatoms,44.2,133.7657142857143
0,Diatoms,142.8,1388.8514285714286
0,Diatoms,102.93,227.08812857142863
0,Diatoms,34.0,678.7635571428573
0,Diatoms,11.44,72.70765714285716
0,Diatoms,21.06,22.357157142857137
0,Diatoms,18.1,1.2516571428571406
0,Diatoms,18.64,0.041657142857142726
0,Diatoms,13.82,2.2289285714285727
0,Diatoms,223.72,6294.001428571429
0,Diatoms,730.37,36670.60321428571
0,Diatoms,132.8,51012.84355714284
0,Diatoms,65.8,272.4384142857143
0,Diatoms,18.42,8.893157142857147
0,Diatoms,26.98,10.467657142857139
0,Diatoms,34.22,7.488228571428569
0,Diatoms,10.53,80.17372857142855
0,Diatoms,26.32,35.61772857142857
0,Diatoms,62.51,187.10229999999999
0,Diatoms,72.38,13.916699999999993
0,Diatoms,13.16,501.0012
0,Diatoms,23.03,13.916700000000004
0,Diatoms,118.44,1300.4382999999998
0,Diatoms,69.09,347.9174999999999
0,Diatoms,16.45,395.8528
0,Diatoms,39.48,75.76869999999998
0,Diatoms,19.74,55.66679999999999
0,Diatoms,26.35,94.2823
0,Diatoms,13.17,24.816057142857147
0,Diatoms,34.03,107.5648
0,Diatoms,40.84,174.10115714285718
0,Diatoms,55.99,312.49041428571434
0,Diatoms,77.55,66.40479999999998
0,Diatoms,44.31,157.84251428571423
0,Diatoms,39.52,3.2777285714285704
0,Diatoms,55.39,35.97955714285713
0,Diatoms,22.16,157.74755714285718
0,Diatoms,18.12,40.32
0,Diatoms,46.11,111.92001428571427
0,Diatoms,121.86,819.7232142857143
0,Diatoms,19.76,1489.2014285714283
0,Diatoms,11.08,10.763200000000003
0,Diatoms,22.16,17.538057142857145
0,Diatoms,16.47,12.14405714285714
0,Diatoms,26.35,13.944914285714292
0,Diatoms,62.58,187.51612857142854
0,Diatoms,65.87,1.5463000000000058
0,Diatoms,354.51,11901.864228571429
0,Diatoms,98.81,9340.355714285713
0,Diatoms,443.14,16937.592699999997
0,Diatoms,263.49,4610.5889285714275
0,Diatoms,232.65,135.8722285714286
0,Diatoms,88.63,2963.108628571429
0,Diatoms,19.76,38.75155714285716
0,Diatoms,36.23,38.751557142857116
0,Diatoms,23.06,24.77841428571428
0,Diatoms,24.7,0.3842285714285717
0,Diatoms,46.11,65.48401428571428
0,Diatoms,44.31,0.46285714285714136
0,Diatoms,66.47,70.15222857142855
0,Diatoms,65.87,428.8491571428572
0,Diatoms,32.94,154.91212857142864
0,Diatoms,72.46,683.498414285714
0,Diatoms,79.05,6.204014285714292
0,Diatoms,33.24,299.79372857142846
0,Diatoms,30.74,97.53955714285713
0,Diatoms,60.93,130.20515714285716
0,Diatoms,62.58,0.38892857142857074
0,Diatoms,22.16,233.3966285714286
0,Diatoms,11.08,17.538057142857145
0,Diatoms,44.31,70.08892857142858
0,Diatoms,65.87,66.40480000000001
0,Diatoms,98.81,155.00622857142852
0,Diatoms,164.68,619.8367000000001
0,Diatoms,16.47,18.991557142857136
0,Diatoms,16.47,13.944914285714281
0,Diatoms,13.17,1.5557142857142847
0,Diatoms,65.87,396.75571428571436
0,Diatoms,39.52,99.18892857142859
0,Diatoms,131.74,1214.9326285714285
0,Diatoms,487.45,18075.657728571427
0,Diatoms,310.2,4488.223214285715
0,Diatoms,32.94,10981.872514285713
0,Diatoms,110.78,865.5808000000001
0,Diatoms,98.81,20.468699999999995
0,Diatoms,15.81,0.06222857142857112
0,Diatoms,13.17,0.9956571428571434
0,Diatoms,19.76,6.204014285714289
0,Diatoms,32.94,24.816057142857126
0,Diatoms,88.63,443.05372857142856
0,Diatoms,251.13,3772.3214285714284
0,Diatoms,922.21,64335.48091428572
0,Diatoms,288.04,57453.08412857144
0,Diatoms,11.08,10958.12022857143
0,Diatoms,66.47,438.2931571428571
0,Diatoms,26.35,55.779657142857154
0,Diatoms,92.22,1015.4537285714287
0,Diatoms,29.64,559.4652
0,Diatoms,23.71,5.023557142857142
0,Diatoms,40.84,41.91955714285716
0,Diatoms,33.24,101.46035714285715
0,Diatoms,26.35,6.781728571428572
0,Diatoms,65.87,155.00622857142852
0,Diatoms,51.05,31.376057142857146
0,Diatoms,105.4,421.98892857142874
0,Diatoms,55.39,357.28572857142865
0,Diatoms,88.63,157.84251428571423
0,Diatoms,29.64,497.1171571428571
0,Diatoms,19.76,13.944914285714281
0,Diatoms,66.47,311.689157142857
0,Diatoms,44.31,70.15222857142855
0,Diatoms,37.17,7.282800000000001
0,Diatoms,36.23,155.00622857142852
0,Diatoms,164.68,3423.291428571429
0,Diatoms,121.86,261.93605714285724
0,Diatoms,52.7,683.3008
0,Diatoms,144.02,1753.1726285714285
0,Diatoms,46.46,1359.7076571428572
0,Diatoms,61.94,34.23291428571427
0,Diatoms,88.6269999999999,1072.627971571426
0,Diatoms,44.314,280.52028128571294
0,Diatoms,11.0779999999999,157.804528000001
0,Diatoms,185.830999999999,4362.658715571384
0,Diatoms,22.157,280.5202812857143
0,Diatoms,36.23,104.22001428571427
0,Diatoms,32.94,1.5462999999999991
0,Diatoms,66.47,457.48972857142854
0,Diatoms,398.82,21610.61765714286
0,Diatoms,221.57,4488.223214285715
0,Diatoms,18.58,5886.420014285715
0,Diatoms,30.97,21.9303
0,Diatoms,11.08,859.1432142857142
0,Diatoms,66.47,457.48972857142854
0,Diatoms,19.76,10.763200000000003
0,Diatoms,23.23,1.7201285714285703
0,Diatoms,19.762,24.797232142857148
0,Diatoms,29.6419999999999,55.78530299999943
0,Diatoms,16.468,24.793467999999624
0,Diatoms,121.861999999999,1586.8421765713986
0,Diatoms,11.078,1753.2992365713967
0,Diatoms,144.019,2524.7584972857144
0,Diatoms,59.22,98.9632
0,Diatoms,26.32,154.62999999999997
0,Diatoms,12.52,5.023557142857142
0,Diatoms,22.16,4734.080228571428
0,Diatoms,22.16,50.86812857142858
0,Diatoms,22.16,70.08892857142858
0,Diatoms,26.35,99.18892857142859
0,Diatoms,13.17,13.944914285714281
0,Diatoms,26.35,55.779657142857154
0,Diatoms,46.11,55.779657142857126
0,Diatoms,197.62,620.0249142857141
0,Diatoms,14.49,238.97285714285712
0,Diatoms,10.54,3.9675571428571423
0,Diatoms,230.55,3344.1428571428573
0,Diatoms,88.63,859.1432142857142
0,Diatoms,39.52,99.18892857142859
0,Diatoms,26.35,554.1140571428571
0,Diatoms,46.46,11676.156014285718
0,Diatoms,22.16,17.538057142857145
0,Diatoms,26.35,75.96622857142859
0,Diatoms,37.17,26183.8192
0,Diatoms,11.0779999999999,1420.1837765714315
0,Diatoms,325.21,4145.588928571427
0,Diatoms,69.69,9327.210057142856
0,Diatoms,158.09,2357.0574999999994
0,Diatoms,376.67,6825.31662857143
0,Diatoms,321.27,438.4514285714291
0,Diatoms,495.55,4339.074057142859
0,Diatoms,27.62,31279.78355714286
0,Diatoms,23.23,2.7531571428571437
0,Diatoms,263.49,8246.409657142858
0,Diatoms,132.94,2434.7575
0,Diatoms,32.94,1428.5714285714287
0,Diatoms,46.46,24.966914285714278
0,Diatoms,148.67,2622.8928571428573
0,Diatoms,44.31,157.74755714285718
0,Diatoms,46.46,0.6603571428571421
0,Diatoms,19.762,6.200249142857332
0,Diatoms,22.157,21.528596571428572
0,Diatoms,33.2349999999999,70.13323557142857
0,Diatoms,92.9159999999999,715.2622972857123
0,Diatoms,199.411,3436.4399155714286
0,Diatoms,66.47,2524.7584972857144
0,Diatoms,11.857,0.24778414285714292
0,Diatoms,163.2,3494.422857142856
0,Diatoms,272.0,1032.142857142857
0,Diatoms,17.0,9289.285714285714
0,Diatoms,34.0,41.285714285714285
0,Diatoms,102.0,660.5714285714286
0,Diatoms,34.0,105.69142857142856
0,Diatoms,425.0,4128.571428571428
0,Diatoms,748.0,14904.142857142857
0,Diatoms,34.0,72828.0
0,Diatoms,119.0,1032.142857142857
0,Diatoms,68.0,199.82285714285715
0,Diatoms,95.2,14.862857142857152
0,Diatoms,629.0,34721.28571428572
0,Diatoms,187.0,1032.142857142857
0,Diatoms,10.2,4465.4628571428575
0,Diatoms,10.88,5.350628571428571
0,Diatoms,17.0,29.1312
0,Diatoms,95.2,1203.8914285714286
0,Diatoms,47.6,323.68
0,Diatoms,289.0,8324.851428571428
0,Diatoms,119.0,4128.571428571428
0,Diatoms,88.4,873.6057142857144
0,Diatoms,34.31,417.9611571428572
0,Diatoms,27.2,7.221728571428578
0,Diatoms,91.49,590.4577285714284
0,Diatoms,171.54,3877.038228571427
0,Diatoms,159.8,19.689657142857076
0,Diatoms,183.6,80.91999999999987
0,Diatoms,37.4,108.27155714285716
0,Diatoms,154.93,3284.955657142858
0,Diatoms,12.5,2898.0435571428575
0,Diatoms,15.79,25.997157142857137
0,Diatoms,345.45,13955.3575
0,Diatoms,263.2,966.4375
0,Diatoms,59.22,222.66720000000007
0,Diatoms,98.7,877.1842285714285
0,Diatoms,66.4,607.2914285714284
0,Diatoms,26.32,229.48662857142864
0,Diatoms,32.9,6.1851999999999965
0,Diatoms,38.82,7.488228571428576
0,Diatoms,92.12,405.8414285714286
0,Diatoms,36.23,819.7232142857143
0,Diatoms,11.2,89.50012857142856
0,Diatoms,332.35,13376.57142857143
0,Diatoms,72.46,9648.97315714286
0,Diatoms,22.16,361.4414285714285
0,Diatoms,32.94,16.601199999999995
0,Diatoms,22.16,66.03571428571429
0,Diatoms,263.49,6862.838914285714
0,Diatoms,88.63,4368.0028
0,Diatoms,105.4,99.11365714285716
0,Diatoms,125.16,55.77965714285709
0,Diatoms,132.94,1753.1726285714285
0,Diatoms,22.16,17.53805714285715
0,Diatoms,37.17,122.64142857142853
0,Diatoms,232.65,659.9887
0,Diatoms,105.4,2313.223214285714
0,Diatoms,144.02,213.07205714285718
0,Diatoms,98.81,291.9920142857144
0,Diatoms,22.16,50.86812857142858
0,Diatoms,55.39,1753.4891571428575
0,Diatoms,26.35,120.47451428571428
0,Diatoms,52.7,683.3008
0,Diatoms,32.94,160.6087
0,Diatoms,77.55,284.2931571428571
0,Diatoms,22.16,70.08892857142858
0,Diatoms,44.31,70.15222857142855
0,Diatoms,33.24,17.50641428571429
0,Diatoms,33.24,6.781728571428572
0,Diatoms,13.17,17.888014285714284
0,Diatoms,55.39,982.7205142857146
0,Diatoms,65.87,154.91212857142864
0,Diatoms,197.62,3874.214628571429
0,Diatoms,19.76,4519.168514285715
0,Diatoms,177.25,1121.9292
0,Diatoms,33.24,2121.408514285714
0,Diatoms,177.86,1047.744228571429
0,Diatoms,132.94,288.25805714285735
0,Diatoms,16.47,13.944914285714281
0,Diatoms,32.94,2975.0537285714286
0,Diatoms,230.55,1394.7737285714286
0,Diatoms,273.37,261.93605714285707
0,Diatoms,250.31,75.96622857142859
0,Diatoms,724.59,32134.502628571434
0,Diatoms,36.23,67691.35565714286
0,Diatoms,59.29,303.8649142857143
0,Diatoms,131.74,749.8575000000003
0,Diatoms,598.23,31087.56001428572
0,Diatoms,19.76,47803.934414285715
0,Diatoms,26.35,35.7080142857143
0,Diatoms,88.63,280.6089142857142
0,Diatoms,177.25,1121.9292
0,Diatoms,841.96,63119.91201428572
0,Diatoms,872.81,135.96035714285634
0,Diatoms,3046.56,675027.0089285715
0,Diatoms,2700.76,17082.51999999997
0,Diatoms,79.05,981909.0462999999
0,Diatoms,487.45,23827.222857142853
0,Diatoms,181.15,13402.812857142853
0,Diatoms,82.34,1394.7737285714286
0,Diatoms,98.81,396.75571428571436
0,Diatoms,52.7,303.7331571428571
0,Diatoms,1174.31,189635.6603571428
0,Diatoms,121.86,158235.8575
0,Diatoms,33.24,1121.9292
0,Diatoms,1041.37,145189.44241428567
0,Diatoms,619.2,25461.072699999982
0,Diatoms,391.94,7378.158228571432
0,Diatoms,265.88,3679.118628571428
0,Diatoms,19.76,8653.5792
0,Diatoms,88.93,877.8560142857147
0,Diatoms,52.7,187.51612857142862
0,Diatoms,16.47,13.944914285714281
0,Diatoms,66.47,357.14285714285717
0,Diatoms,270.08,7143.700628571428
0,Diatoms,155.1,1888.6286285714282
0,Diatoms,44.31,1753.4891571428568
0,Diatoms,40.84,1.7201285714285703
0,Diatoms,171.27,339.5089285714288
0,Diatoms,102.1,683.4984142857146
0,Diatoms,118.57,38.75155714285713
0,Diatoms,13.17,13.944914285714281
0,Diatoms,22.16,2639.5664142857145
0,Diatoms,92.92,715.2825142857145
0,Diatoms,39.52,115.54765714285718
0,Diatoms,22.16,2.5080142857142875
0,Diatoms,33.24,1386.0357142857142
0,Diatoms,221.568,4488.425788000001
0,Diatoms,99.706,17.53489157142891
0,Diatoms,148.211999999999,336.1188622857003
0,Diatoms,343.43,5444.295360571486
0,Diatoms,443.136,1420.1837765714292
0,Diatoms,44.314,22722.71252628571
0,Diatoms,33.2349999999999,17.53489157142889
0,Diatoms,243.724999999999,6329.434299999945
0,Diatoms,88.6269999999999,280.52028128571294
0,Diatoms,19.762,677.484032142855
0,Diatoms,18.44,167.67822857142863
0,Diatoms,44.31,4.3845142857142845
0,Diatoms,88.63,280.6089142857142
0,Diatoms,155.1,631.1801285714286
0,Diatoms,95.52,819.939657142857
0,Diatoms,46.46,343.8405142857142
0,Diatoms,29.64,40.41605714285714
0,Diatoms,16.62,24.2172
0,Diatoms,39.52,215.72851428571434
0,Diatoms,26.35,24.77841428571429
0,Diatoms,44.31,46.08022857142858
0,Diatoms,19.76,86.10035714285713
0,Diatoms,16.47,5.023557142857142
0,Diatoms,39.52,75.90035714285717
0,Diatoms,16.47,75.90035714285717
0,Diatoms,55.39,216.39520000000002
0,Diatoms,26.35,120.47451428571428
0,Diatoms,199.41,4278.537657142858
0,Diatoms,155.1,280.4823
0,Diatoms,11.86,1941.8897285714281
0,Diatoms,13.17,14.457657142857144
0,Diatoms,11.08,0.6240142857142856
0,Diatoms,92.22,940.5285142857143
0,Diatoms,32.94,502.01691428571434
0,Diatoms,44.31,18.468128571428586
0,Diatoms,38.77,4.3845142857142845
0,Diatoms,16.47,0.06222857142857146
0,Diatoms,39.52,517.5480142857142
0,Diatoms,209.06,4106.2588
0,Diatoms,92.92,1926.9285142857145
0,Diatoms,61.94,214.06629999999993
0,Diatoms,743.33,55174.99441428571
0,Diatoms,22.16,1121.9292
0,Diatoms,148.67,810.0128571428575
0,Diatoms,22.16,2286.397157142857
0,Diatoms,115.276,38.742146285714234
0,Diatoms,303.012,5034.972242285714
0,Diatoms,786.567,33403.63400357143
0,Diatoms,775.488,17.534891571428414
0,Diatoms,243.724999999999,40395.98402414302
0,Diatoms,55.392,5067.045555571375
0,Diatoms,177.254,2121.478149142857
0,Diatoms,44.314,2524.7205142856765
0,Diatoms,46.4579999999999,0.6566765714285095
0,Diatoms,185.830999999999,2774.976161285678
0,Diatoms,66.47,2035.29261728568
0,Diatoms,199.411,5067.045555571435
0,Diatoms,240.432999999999,240.4006405714168
0,Diatoms,110.784,2401.2661715713907
0,Diatoms,13.1739999999999,3.9660515714284204
0,Diatoms,110.784,70.13323557142927
0,Diatoms,65.872,559.4294405714287
0,Diatoms,14.28,25.11822857142857
0,Diatoms,459.0,28253.696914285716
0,Diatoms,238.0,6977.285714285715
0,Diatoms,11.56,0.5945142857142852
0,Diatoms,13.6,7.992914285714285
0,Diatoms,40.8,105.69142857142855
0,Diatoms,13.6,105.69142857142855
0,Diatoms,11.08,0.6240142857142856
0,Diatoms,37.17,87501.38812857143
0,Diatoms,139.37,367.7925142857144
0,Diatoms,25.84,444.1682285714284
0,Diatoms,33.32,2735.574914285714
0,Diatoms,23.8,21.402514285714286
0,Diatoms,244.8,8489.812628571428
0,Diatoms,10.88,7816.938057142858
0,Diatoms,85.0,784.8249142857143
0,Diatoms,27.2,477.2628571428571
0,Diatoms,10.2,133.76571428571427
0,Diatoms,39.48,98.96319999999999
0,Diatoms,52.64,24.740800000000014
0,Diatoms,23.03,125.2503
0,Diatoms,16.45,6.185200000000004
0,Diatoms,223.72,446.88069999999965
0,Diatoms,55.33,4050.741728571428
0,Diatoms,141.47,1060.0142285714287
0,Diatoms,269.78,2351.922299999999
0,Diatoms,151.34,2004.004799999999
0,Diatoms,19.74,2474.0799999999995
0,Diatoms,39.48,55.66679999999999
0,Diatoms,16.45,75.76869999999998
0,Diatoms,23.06,67.51822857142857
0,Diatoms,13.83,12.170414285714283
0,Diatoms,11.08,48350.9047
0,Diatoms,2548.03,920315.0603571429
0,Diatoms,365.59,680434.9076571428
0,Diatoms,1672.48,243994.49601428577
0,Diatoms,72.46,365723.4286285714
0,Diatoms,39.52,155.00622857142847
0,Diatoms,599.44,44787.20091428573
0,Diatoms,151.51,28663.04070000001
0,Diatoms,65.87,1047.7442285714283
0,Diatoms,13.83,386.8802285714287
0,Diatoms,16.47,37.21422857142858
0,Diatoms,398.82,12780.9703
0,Diatoms,2049.51,500765.35822857154
0,Diatoms,709.02,256701.9200142858
0,Diatoms,185.83,39103.96801428571
0,Diatoms,187.74,4687.903214285715
0,Diatoms,1096.76,118045.3372
0,Diatoms,1650.68,43832.48091428572
0,Diatoms,631.47,148398.43201428573
0,Diatoms,72.46,44641.740014285715
0,Diatoms,19.76,396.7557142857141
0,Diatoms,57.31,201.42892857142854
0,Diatoms,13.17,3.4862285714285703
0,Diatoms,23.06,13.973157142857138
0,Diatoms,85.63,559.2864142857142
0,Diatoms,33.24,392.10172857142845
0,Diatoms,177.25,2962.697157142857
0,Diatoms,74.33,1513.2180571428573
0,Diatoms,65.87,10.22451428571427
0,Diatoms,2865.44,26192.382300000005
0,Diatoms,1650.68,210805.97965714286
0,Diatoms,144.02,324289.1936571429
0,Diatoms,19.76,2205.7925142857143
0,Diatoms,7871.73,8807633.268699998
0,Diatoms,51.05,8737576.5232
0,Diatoms,296.43,8601.620628571427
0,Diatoms,286.54,13.973157142857104
0,Diatoms,526.98,8258.770514285714
0,Diatoms,14.27,37553.077728571436
0,Diatoms,25.03,71.61601428571429
0,Diatoms,13.17,6.1852
0,Diatoms,13.17,11.545728571428572
0,Diatoms,131.74,26189.935557142853
0,Diatoms,10276.06,13303958.724700002
0,Diatoms,11.08,15052830.62862857
0,Diatoms,22.16,281020.9289285714
0,Diatoms,775.49,81072.29841428573
0,Diatoms,110.78,63119.91201428572
0,Diatoms,620.39,37100.33601428572
0,Diatoms,29.64,99479.55291428571
0,Diatoms,46.11,38.75155714285713
0,Diatoms,13.17,155.00622857142852
0,Diatoms,10.98,0.6851571428571426
0,Diatoms,12.52,0.3387999999999996
0,Diatoms,20.42,8.91571428571429
0,Diatoms,43.48,75.96622857142854
0,Diatoms,19.1,84.91205714285711
0,Diatoms,476.37,24072.89285714286
0,Diatoms,44.31,26667.977657142856
0,Diatoms,66.47,70.15222857142855
0,Diatoms,243.73,7013.323557142857
0,Diatoms,276.96,2963.1086285714277
0,Diatoms,44.31,7732.288928571427
0,Diatoms,841.96,90892.21750000003
0,Diatoms,115.28,75437.68891428573
0,Diatoms,132.94,44.553657142857126
0,Diatoms,13.17,6.1852
0,Diatoms,138.33,2605.1145142857154
0,Diatoms,60.93,855.8228571428573
0,Diatoms,65.87,3.4862285714285783
0,Diatoms,36.23,125.50422857142863
0,Diatoms,19.76,18.991557142857147
0,Diatoms,33.24,25.958628571428573
0,Diatoms,65.87,81201.49212857141
0,Diatoms,3524.16,1708538.5320142857
0,Diatoms,220.67,1559006.5971571426
0,Diatoms,345.83,559.4651999999998
0,Diatoms,408.41,559.4652000000008
0,Diatoms,5450.57,4187868.233657143
0,Diatoms,174.56,303.7331571428573
0,Diatoms,42.82,2479.3468000000003
0,Diatoms,15.37,107.64321428571431
0,Diatoms,1052.45,154921.63955714292
0,Diatoms,1119.83,175998.42892857137
0,Diatoms,658.72,30374.633157142845
0,Diatoms,99.71,44641.740014285715
0,Diatoms,44.31,438.45142857142844
0,Diatoms,625.79,48302.712914285716
0,Diatoms,288.04,16296.437499999995
0,Diatoms,434.76,3075.251199999999
0,Diatoms,354.51,920.0089285714286
0,Diatoms,125.16,7514.488928571429
0,Diatoms,691.66,45846.03571428572
0,Diatoms,1310.86,54772.662857142845
0,Diatoms,167.97,186599.65029999995
0,Diatoms,69.17,1394.4914285714283
0,Diatoms,11.53,474.62422857142855
0,Diatoms,480.87,31468.57651428572
0,Diatoms,306.31,4353.027657142858
0,Diatoms,32.94,10675.879557142858
0,Diatoms,49.4,38.70451428571429
0,Diatoms,75.75,99.18892857142859
0,Diatoms,10.54,607.4777285714288
0,Diatoms,11.08,0.2057142857142855
0,Diatoms,1772.54,191821.1304142857
0,Diatoms,263.49,9428.230000000001
0,Diatoms,1383.32,179145.6041285714
0,Diatoms,13.17,268187.2889285714
0,Diatoms,52.7,223.23155714285716
0,Diatoms,26.35,24.77841428571429
0,Diatoms,55.39,120.47451428571428
0,Diatoms,11.08,280.4823
0,Diatoms,19.76,35.7080142857143
0,Diatoms,3425.35,1200078.3795571427
0,Diatoms,62.58,1615460.2961285713
0,Diatoms,52.7,13.944914285714272
0,Diatoms,131.74,892.4745142857145
0,Diatoms,221.57,1152.7755571428568
0,Diatoms,1462.35,302748.1682285714
0,Diatoms,46.11,286533.6768
0,Diatoms,32.94,512841.15571428573
0,Diatoms,19.76,24.816057142857126
0,Diatoms,14.49,3.967557142857145
0,Diatoms,75.09,524.6228571428571
0,Diatoms,71.14,2.2289285714285745
0,Diatoms,35.57,180.74641428571428
0,Diatoms,67.19,142.8320571428571
0,Diatoms,155.1,2963.1086285714277
0,Diatoms,23.06,2490.651657142857
0,Diatoms,171.27,55.77965714285709
0,Diatoms,606.02,27001.08035714286
0,Diatoms,121.86,33487.272228571426
0,Diatoms,21.08,1450.9440571428572
0,Diatoms,289.84,10236.083199999995
0,Diatoms,200.91,1129.792128571428
0,Diatoms,1053.96,103956.32892857144
0,Diatoms,431.46,24602.38572857143
0,Diatoms,144.92,2838.9344142857144
0,Diatoms,39.52,1587.0228571428563
0,Diatoms,531.76,34614.3168
0,Diatoms,95.52,27186.4768
0,Diatoms,135.04,223.1186285714285
0,Diatoms,15888.58,36013572.321428575
0,Diatoms,10592.39,4007089.788014286
0,Diatoms,32.94,15928854.90035714
0,Diatoms,2437.25,825815.2251571428
0,Diatoms,6469.79,2323054.121657143
0,Diatoms,16.47,1.5557142857142847
0,Diatoms,98.81,968.5536571428572
0,Diatoms,19.76,13.944914285714288
0,Diatoms,33.24,77.95565714285713
0,Diatoms,79.05,99.18892857142863
0,Diatoms,42.82,187.51612857142854
0,Diatoms,37.17,1986.7835571428568
0,Diatoms,1254.36,211650.21372857137
0,Diatoms,10679.58,726580.3361285712
0,Diatoms,221.57,4734.600357142856
0,Diatoms,32.94,5083.039557142857
0,Diatoms,1307.25,231980.8537285714
0,Diatoms,26.35,55.779657142857154
0,Diatoms,32.94,148.8569142857143
0,Diatoms,44.314,52478.90874514286
0,Diatoms,121.861999999999,859.0989005714066
0,Diatoms,144.019,70.13323557143494
0,Diatoms,55.392,1122.1064470000003
0,Diatoms,52.698,1.0368051428571448
0,Diatoms,44.314,10.041636571428572
0,Diatoms,29.6419999999999,30.75251200000042
0,Diatoms,19.762,13.944914285714002
0,Diatoms,13.1739999999999,6.200249142857332
0,Diatoms,52.698,223.16379657142969
0,Diatoms,13.174,223.16379657142858
0,Diatoms,310.2,12050.770514285714
0,Diatoms,382.21,1254593.4915571425
0,Diatoms,155.1,7368.421728571428
0,Diatoms,13.17,2877.732128571429
0,Diatoms,23.06,13.973157142857138
0,Diatoms,98.81,819.7232142857143
0,Diatoms,250.31,3278.8928571428573
0,Diatoms,316.19,620.0249142857141
0,Diatoms,14.82,12974.839557142857
0,Diatoms,11.86,5.598228571428571
0,Diatoms,79.05,339.50892857142856
0,Diatoms,77.73,0.24891428571428315
0,Diatoms,36.23,246.0357142857144
0,Diatoms,1207.9,131462.47201428574
0,Diatoms,1040.78,3989.870628571434
0,Diatoms,754.24,11729.310228571425
0,Diatoms,188.33,45750.58972857142
0,Diatoms,1340.49,189638.95222857146
0,Diatoms,309.72,151783.82755714285
0,Diatoms,73.66,7960.61765714286
0,Diatoms,278.75,6008.844014285714
0,Diatoms,461.11,4750.738514285716
0,Diatoms,864.12,23202.437157142856
0,Diatoms,382.06,33197.406228571424
0,Diatoms,47.76,15965.212857142858
0,Diatoms,62.58,31.376057142857146
0,Diatoms,332.35,10396.550414285719
0,Diatoms,443.14,1753.489157142856
0,Diatoms,237.14,6062.285714285715
0,Diatoms,13.17,7166.080128571428
0,Diatoms,21.08,55.779657142857126
0,Diatoms,98.81,863.1361285714286
0,Diatoms,46.11,396.75571428571436
0,Diatoms,11.86,167.58035714285714
0,Diatoms,142.28,2429.910914285715
0,Diatoms,21.08,2098.4914285714285
0,Diatoms,12.52,10.467657142857139
0,Diatoms,11.08,1.4355571428571428
0,Diatoms,11.08,1.4355571428571428
0,Diatoms,709.02,69588.60622857141
0,Diatoms,92.22,54348.89142857142
0,Diatoms,2081.31,565211.2897285714
0,Diatoms,55.39,586335.9780571427
0,Diatoms,2747.44,1035304.7432142858
0,Diatoms,22.16,1061021.5826285717
0,Diatoms,952.74,123711.30520000002
0,Diatoms,23.23,123426.97715714286
0,Diatoms,49.4,261.8137285714286
0,Diatoms,39.52,13.944914285714272
0,Diatoms,23.06,38.7045142857143
0,Diatoms,75.75,396.6051571428571
0,Diatoms,102.1,99.18892857142852
0,Diatoms,22.4,907.4414285714283
0,Diatoms,26.349,2.2278001428571446
0,Diatoms,14.492,20.08406414285714
0,Diatoms,144.019,2396.749104142858
0,Diatoms,55.991,1106.9898262857143
0,Diatoms,29.642,99.18140014285714
0,Diatoms,105.395,819.7881441428572
0,Diatoms,88.927,38.742146285714234
0,Diatoms,204.204,1898.3981041428572
0,Diatoms,110.784,1551.0021155714287
0,Diatoms,2322.892,493332.9889422861
0,Diatoms,487.45,481263.90505199984
0,Diatoms,4320.579,2098982.561520143
0,Diatoms,564.999,2014911.5909142855
0,Diatoms,354.509,16966.92262628572
0,Diatoms,775.488,25317.616920142864
0,Diatoms,55.392,74076.89274514286
0,Diatoms,42.817,22.590089285714296
0,Diatoms,82.34,223.15250414285717
0,Diatoms,79.0469999999999,1.5491212857143852
0,Diatoms,299.117,6918.686414285721
0,Diatoms,88.6269999999999,6329.434300000007
0,Diatoms,1506.2,309624.6914285715
0,Diatoms,34.0,127.88662857142859
0,Diatoms,459.0,25803.571428571428
0,Diatoms,85.0,19982.285714285714
0,Diatoms,34.0,371.57142857142856
0,Diatoms,272.0,8092.0
0,Diatoms,68.0,5945.142857142857
0,Diatoms,425.0,18207.0
0,Diatoms,278.8,3053.491428571428
0,Diatoms,20.4,9538.651428571431
0,Diatoms,170.0,3965.0799999999995
0,Diatoms,394.4,7193.622857142856
0,Diatoms,833.0,27481.42285714286
0,Diatoms,102.0,76337.28571428571
0,Diatoms,136.0,165.14285714285714
0,Diatoms,2210.0,614496.5714285715
0,Diatoms,2448.0,8092.0
0,Diatoms,272.0,2834016.5714285714
0,Diatoms,918.0,59616.57142857143
0,Diatoms,2584.0,396508.0
0,Diatoms,782.0,463886.28571428574
0,Diatoms,102.0,66057.14285714286
0,Diatoms,10.2,12.947199999999999
0,Diatoms,17.0,33.441428571428574
0,Diatoms,40.8,80.91999999999997
0,Diatoms,47.6,6.605714285714294
0,Diatoms,51.0,327024.14285714284
0,Diatoms,68.0,41.285714285714285
0,Diatoms,1088.0,148628.57142857142
0,Diatoms,221.0,107384.14285714286
0,Diatoms,20.4,133.7657142857143
0,Diatoms,81.6,873.605714285714
0,Diatoms,1547.0,319716.5714285714
0,Diatoms,561.0,138885.14285714287
0,Diatoms,428.4,2511.822857142858
0,Diatoms,5933.0,4328660.165714286
0,Diatoms,170.0,3053.491428571428
0,Diatoms,6154.0,5115465.142857143
0,Diatoms,136.0,5173760.571428572
0,Diatoms,119.0,535.062857142857
0,Diatoms,20.4,1.6514285714285735
0,Diatoms,136.0,8561.005714285715
0,Diatoms,3791.0,1908432.142857143
0,Diatoms,51.0,323.68
0,Diatoms,122.4,728.2800000000001
0,Diatoms,775.2,60878.26285714287
0,Diatoms,20.4,55.55405714285713
0,Diatoms,20.4,951.222857142857
0,Diatoms,7990.0,9073503.451428572
0,Diatoms,2193.0,4800744.142857143
0,Diatoms,68.0,645089.2857142857
0,Diatoms,156.4,3197.1657142857143
0,Diatoms,20.4,2642.285714285714
0,Diatoms,285.91,9065.521157142859
0,Diatoms,775.2,34200.672014285716
0,Diatoms,3568.11,1114335.1811571426
0,Diatoms,1612.51,869786.7000142856
0,Diatoms,1715.44,1513.5121285714304
0,Diatoms,160.11,3508.2891571428577
0,Diatoms,34.0,2271.961728571429
0,Diatoms,20.4,26.422857142857147
0,Diatoms,2333.0,54482.907657142845
0,Diatoms,102.0,711051.5714285715
0,Diatoms,22.87,894.5081285714285
0,Diatoms,30.6,199.82285714285715
0,Diatoms,21.71,11.290300000000002
0,Diatoms,253.33,13.916699999999933
0,Diatoms,68.0,4906.744128571429
0,Diatoms,13.16,429.63222857142864
0,Diatoms,55.33,254.04412857142862
0,Diatoms,118.44,1981.7326285714284
0,Diatoms,1571.41,301588.8315571429
0,Diatoms,11.07,347808.70222857146
0,Diatoms,4375.7,2721427.862414286
0,Diatoms,199.19,2491890.825728572
0,Diatoms,719.31,38646.402057142834
0,Diatoms,361.9,18248.84401428571
0,Diatoms,132.8,7498.115714285712
0,Diatoms,32.9,1425.7157142857145
0,Diatoms,2401.7,821767.2183
0,Diatoms,13.16,1.5462999999999991
0,Diatoms,19.74,10.738414285714281
0,Diatoms,263.2,154.63000000000034
0,Diatoms,15561.7,33434871.75
0,Diatoms,2039.8,26120254.230000008
0,Diatoms,625.1,285910.86999999994
0,Diatoms,88.53,41129.62355714286
0,Diatoms,652.91,45503.54062857143
0,Diatoms,32.9,54916.05715714285
0,Diatoms,1316.0,48994.64241428571
0,Diatoms,177.06,185312.04622857147
0,Diatoms,32.9,2968.8722285714284
0,Diatoms,246.75,6533.117499999999
0,Diatoms,72.38,4343.5567
0,Diatoms,477.05,32064.0768
0,Diatoms,22.13,34.543214285714285
0,Diatoms,22.16,16.601199999999995
0,Diatoms,66.47,280.4823
0,Diatoms,98.81,149.41080000000005
0,Diatoms,32.94,2479.3468000000003
0,Diatoms,1086.89,158687.22892857142
0,Diatoms,2256.12,195299.8275571428
0,Diatoms,44.31,698871.9251571428
0,Diatoms,6257.86,3819847.2486999994
0,Diatoms,32.94,5535661.286628572
0,Diatoms,22.16,16.601199999999995
0,Diatoms,65.87,272.9377285714287
0,Diatoms,22.16,70.08892857142858
0,Diatoms,1240.78,212147.81491428567
0,Diatoms,28679.97,107558449.69372858
0,Diatoms,25211.12,1718988.617500002
0,Diatoms,55.39,90401535.97612856
0,Diatoms,1783.98,449024.91571428574
0,Diatoms,11.08,449024.91571428574
0,Diatoms,232.65,7013.323557142857
0,Diatoms,854.82,55299.35841428572
0,Diatoms,309.72,42447.71571428572
0,Diatoms,77.55,7700.415557142858
0,Diatoms,332.35,9274.720000000001
0,Diatoms,55.39,10958.12022857143
0,Diatoms,836.24,87103.8175
0,Diatoms,188.33,10958.12022857143
0,Diatoms,55.39,2524.720514285714
0,Diatoms,19.76,6.204014285714289
0,Diatoms,77.55,477.09772857142843
0,Diatoms,11.08,631.1801285714286
0,Diatoms,39.52,154.91212857142864
0,Diatoms,66.47,103.75749999999996
0,Diatoms,443.14,20268.612699999994
0,Diatoms,817.66,20037.890057142857
0,Diatoms,3952.33,1403736.5727
0,Diatoms,2071.66,505274.23555714294
0,Diatoms,19827.53,45038702.77955713
0,Diatoms,30235.33,15474614.405714294
0,Diatoms,26.35,130368924.6629143
0,Diatoms,131.74,169.4448
0,Diatoms,1916.56,406089.9600142857
0,Diatoms,26.35,554.1140571428571
0,Diatoms,22.16,2.5080142857142875
0,Diatoms,565.0,42096.46651428572
0,Diatoms,44.31,38731.15372857144
0,Diatoms,11.08,157.74755714285718
0,Diatoms,98.81,1099.5075571428572
0,Diatoms,44.31,424.32142857142856
0,Diatoms,44.31,110.72365714285718
0,Diatoms,16863.28,40411107.40869999
0,Diatoms,15941.07,121495.8977285712
0,Diatoms,11.08,36252083.057157144
0,Diatoms,230.55,3846.0352000000007
0,Diatoms,32.94,179142.4046285714
0,Diatoms,5730.88,4638074.320514287
0,Diatoms,2964.25,1093463.079557143
0,Diatoms,164.68,1119656.0264142859
0,Diatoms,22.16,2901.7072000000003
0,Diatoms,13.17,13.944914285714281
0,Diatoms,1971.96,548122.6091571428
0,Diatoms,158.09,470017.7681285715
0,Diatoms,3301.36,1411449.4704142858
0,Diatoms,9419.72,5347761.298514283
0,Diatoms,1706.07,8500056.6175
0,Diatoms,853.04,103951.4544142857
0,Diatoms,1976.17,180202.99955714287
0,Diatoms,131.74,485988.8607
0,Diatoms,197.62,620.0249142857141
0,Diatoms,1351.57,190228.65749999994
0,Diatoms,2038.43,67396.66565714289
0,Diatoms,88.63,543102.8628571429
0,Diatoms,398.82,13745.405157142857
0,Diatoms,110.78,11852.434514285711
0,Diatoms,44134.36,276867942.28805715
0,Diatoms,2282.15,250229640.26915714
0,Diatoms,3113.03,98623.08205714288
0,Diatoms,1030.29,1510228.851428571
0,Diatoms,1141.08,1753.489157142856
0,Diatoms,77.55,161585.15155714285
0,Diatoms,11.08,631.1801285714286
0,Diatoms,11.08,17.538057142857145
0,Diatoms,742.25,76372.79555714285
0,Diatoms,88.63,813.4587999999998
0,Diatoms,44.31,280.6089142857142
0,Diatoms,11.08,157.74755714285718
0,Diatoms,44.31,157.74755714285718
0,Diatoms,22.16,70.08892857142858
0,Diatoms,65.87,5579.094914285714
0,Diatoms,494.04,26189.93555714286
0,Diatoms,299.12,5427.6866285714295
0,Diatoms,11.08,16849.166414285715
0,Diatoms,22.16,17.538057142857145
0,Diatoms,66.47,438.2931571428571
0,Diatoms,110.78,280.4823
0,Diatoms,22.16,1121.9292
0,Diatoms,3095.99,1349775.8384142856
0,Diatoms,13503.8,15474644.142299999
0,Diatoms,4065.77,12725201.468699995
0,Diatoms,2714.21,260959.20479999998
0,Diatoms,44.31,1018338.0014285715
0,Diatoms,1119.83,165249.03862857143
0,Diatoms,232.65,112441.19319999998
0,Diatoms,2964.25,1067587.9557142856
0,Diatoms,3622.97,61987.43405714282
0,Diatoms,1646.81,557886.9065142857
0,Diatoms,1515.06,319417.4414285714
0,Diatoms,98.81,286537.72321428574
0,Diatoms,55.39,269.3280571428572
0,Diatoms,11.08,280.4823
0,Diatoms,49.4,209.77462857142856
0,Diatoms,66.47,41.62641428571429
0,Diatoms,52.7,27.087557142857126
0,Diatoms,6751.9,595703.9088
0,Diatoms,22.16,70.08892857142858
0,Diatoms,691.66,64032.892857142855
0,Diatoms,1185.39,34911.7032142857
0,Diatoms,757.53,6547.178057142853
0,Diatoms,26.35,55.779657142857154
0,Diatoms,121.86,1303.1657285714284
0,Diatoms,59.29,261.9360571428571
0,Diatoms,13.17,303.8649142857143
0,Diatoms,99.71,1069.881657142857
0,Diatoms,310.2,6329.434300000001
0,Diatoms,99.71,6329.434300000001
0,Diatoms,19.76,913.143214285714
0,Diatoms,9207.94,478545.0089285719
0,Diatoms,332.35,11253728.264014287
0,Diatoms,15709.18,33778128.6927
0,Diatoms,2239.65,25918319.77441429
0,Diatoms,263.49,557886.9065142857
0,Diatoms,1449.19,200840.64142857146
0,Diatoms,230.55,212154.77851428575
0,Diatoms,98.81,2479.3468000000003
0,Diatoms,395.23,12552.11662857143
0,Diatoms,329.36,619.8367000000001
0,Diatoms,461.11,30200.97772857143
0,Diatoms,13.17,13.944914285714281
0,Diatoms,428.17,24603.571428571428
0,Diatoms,1152.15,74878.14862857143
0,Diatoms,221.57,6806.594057142857
0,Diatoms,16.47,6009.429999999999
0,Diatoms,461.11,502.52515714285715
0,Diatoms,1262.94,91847.33555714287
0,Diatoms,2127.05,106669.44172857146
0,Diatoms,2680.97,43832.480914285654
0,Diatoms,343.43,780584.7502285715
0,Diatoms,7732.73,7800250.641428569
0,Diatoms,199.41,8107272.888914285
0,Diatoms,121.86,859.1432142857142
0,Diatoms,625.79,36277.920699999995
0,Diatoms,99.71,39537.16662857142
0,Diatoms,12647.46,22492290.00892857
0,Diatoms,36.23,22720446.01612857
0,Diatoms,2680.97,999235.6667999998
0,Diatoms,42.82,994262.2032142855
0,Diatoms,13.17,125.58892857142857
0,Diatoms,1548.0,336529.0184142857
0,Diatoms,2437.27,112971.5904142857
0,Diatoms,16.47,837181.8057142858
0,Diatoms,55.39,407.51830000000007
0,Diatoms,155.1,1420.2977285714283
0,Diatoms,32.94,13.944914285714281
0,Diatoms,13.17,55.83612857142855
0,Diatoms,724.59,72972.91201428571
0,Diatoms,2173.78,300021.6651571429
0,Diatoms,10868.91,10800755.102414284
0,Diatoms,23154.07,21560736.603657145
0,Diatoms,22758.84,22315.250414285663
0,Diatoms,889.27,68325441.71212856
0,Diatoms,908.43,52.44365714285697
0,Diatoms,44.31,106671.91062857141
0,Diatoms,110.78,631.1801285714286
0,Diatoms,1085.68,135775.71571428573
0,Diatoms,775.49,13745.40515714286
0,Diatoms,398.82,20268.6127
0,Diatoms,1318.33,120785.5200142857
0,Diatoms,409.9,117892.15212857141
0,Diatoms,138.33,10535.752128571423
0,Diatoms,36.23,1489.2014285714292
0,Diatoms,451.22,14882.924700000003
0,Diatoms,32.94,24994.02262857143
0,Diatoms,99.71,1238.7620571428567
0,Diatoms,22.16,70.08892857142858
0,Diatoms,1573.13,329076.3868
0,Diatoms,7333.9,4740924.427557142
0,Diatoms,9923.39,957922.6371571427
0,Diatoms,15758.5,4864072.673157143
0,Diatoms,27688.87,20333389.76241428
0,Diatoms,3522.93,83427522.29765713
0,Diatoms,334.5,1452297.9806999997
0,Diatoms,797.65,30643.988928571427
0,Diatoms,11103.42,15172699.327557145
0,Diatoms,1579.57,12957674.117500002
0,Diatoms,121.86,303559.77772857144
0,Diatoms,139.37,89109.74915714284
0,Diatoms,88.63,70.15222857142855
0,Diatoms,29.64,55.779657142857126
0,Diatoms,49.4,303.7331571428571
0,Diatoms,88.93,261.93605714285724
0,Diatoms,15702.75,27020519.100357145
0,Diatoms,27441.1,19684122.960357137
0,Diatoms,4409.2,75781202.51571427
0,Diatoms,21417.06,41323900.25422858
0,Diatoms,5667.86,35433900.09142857
0,Diatoms,110.78,4411591.160914285
0,Diatoms,221.57,70.15222857142855
0,Diatoms,4769.67,2955030.5157142864
0,Diatoms,44.31,3189861.0185142853
0,Diatoms,265.88,7013.323557142857
0,Diatoms,2638.81,804399.5406999999
0,Diatoms,4785.16,658116.9032142857
0,Diatoms,420.98,9686.88
0,Diatoms,39.52,115.54765714285718
0,Diatoms,1994.11,545774.5811571429
0,Diatoms,19.76,0.822857142857142
0,Diatoms,132.941,2121.5129670000033
0,Diatoms,44.314,1122.1064470000003
0,Diatoms,33.2349999999999,17.53489157142889
0,Diatoms,44.314,70.13323557142857
0,Diatoms,418.120999999999,19961.667606999894
0,Diatoms,221.568,5519.011686999945
0,Diatoms,27.624,5373.467876571429
0,Diatoms,2791.758,1091490.9671365714
0,Diatoms,44.314,1078349.790448
0,Diatoms,1484.506,296307.57098057144
0,Diatoms,975.615,36995.72141157144
0,Diatoms,132.941,101442.781468
0,Diatoms,44.314,1122.1064470000003
0,Diatoms,2481.562,219933.9271372857
0,Diatoms,256.901999999999,707016.0165142863
0,Diatoms,409.901,3344.099143000043
0,Diatoms,144.019,10099.033989142858
0,Diatoms,22.157,2121.4781491428575
0,Diatoms,265.882,8485.982232142856
0,Diatoms,66.47,5680.735106285714
0,Diatoms,278.747,11047.56224914286
0,Diatoms,144.019,2593.0905691428575
0,Diatoms,609.312,30928.225121285715
0,Diatoms,5716.46,4641168.003657143
0,Diatoms,454.22,3955881.4025142854
0,Diatoms,88.63,19093.72115714286
0,Diatoms,1347.28,173974.65749999997
0,Diatoms,6442.15,3708242.9024142856
0,Diatoms,108.69,5730387.9388
0,Diatoms,32.94,819.7232142857143
0,Diatoms,11.08,10.763200000000003
0,Diatoms,13.17,13.944914285714281
0,Diatoms,974.9,76372.79555714285
0,Diatoms,706.16,10317.312514285715
0,Diatoms,11459.6,16519495.976228574
0,Diatoms,2849.41,10590767.405157145
0,Diatoms,22.16,1141906.080357143
0,Diatoms,44.31,33943.928928571426
0,Diatoms,55.99,19.488914285714284
0,Diatoms,1045.3,139819.1823
0,Diatoms,3561.77,904660.1801285716
0,Diatoms,1045.3,904660.1801285716
0,Diatoms,18.42,45.05965714285715
0,Diatoms,154.86,2515.6128571428576
0,Diatoms,18.42,2659.4105142857143
0,Diatoms,92.92,792.8928571428571
0,Diatoms,161.39,669.7344142857139
0,Diatoms,88.63,756.2882285714284
0,Diatoms,886.27,101270.94880000001
0,Diatoms,2229.98,257936.65201428573
0,Diatoms,92.92,652432.2062285714
0,Diatoms,288.04,5438.830628571429
0,Diatoms,283.25,3.2777285714285997
0,Diatoms,3228.82,1239483.2321285715
0,Diatoms,580.72,1001776.2300000003
0,Diatoms,1114.99,40777.77612857142
0,Diatoms,139.37,135976.34062857143
0,Diatoms,402.64,9901.584699999998
0,Diatoms,1019.21,54308.36641428572
0,Diatoms,1240.78,7013.323557142853
0,Diatoms,55.39,200735.63601428567
0,Diatoms,743.33,67608.77765714287
0,Diatoms,1626.02,111305.94801428569
0,Diatoms,288.04,255741.4972
0,Diatoms,631.47,16849.166414285715
0,Diatoms,864.12,7732.288928571427
0,Diatoms,44.31,272.1889285714286
0,Diatoms,44.31,70.08892857142858
0,Diatoms,23.23,63.48091428571429
0,Diatoms,1207.904,192708.1158451429
0,Diatoms,6381.16,3823225.377362285
0,Diatoms,155.098,1420.1837765714292
0,Diatoms,1107.83999999999,98623.0820571407
0,Diatoms,110.784,1551.0021155714292
0,Diatoms,177.25,2525.1003571428564
0,Diatoms,188.33,17.53805714285718
0,Diatoms,98.81,1303.4386285714284
0,Diatoms,243.73,3570.801428571428
0,Diatoms,27.67,99.18892857142859
0,Diatoms,26.35,99.18892857142859
0,Diatoms,65.87,223.11862857142862
0,Diatoms,23.06,14.80462857142858
0,Diatoms,82.34,892.700357142857
0,Diatoms,132.941,1122.1064470000003
0,Diatoms,121.86,1129.5380571428573
0,Diatoms,199.41,2069.5042285714285
0,Diatoms,23.714,3.9675571428571423
0,Diatoms,34.0,133.7657142857143
0,Diatoms,119.0,1032.142857142857
0,Diatoms,11.08,70.1522285714286
0,Diatoms,37.17,32.18572857142858
0,Diatoms,22.16,34.632128571428574
0,Diatoms,13.17,13.944914285714281
0,Diatoms,13.6,728.2800000000001
0,Diatoms,30.6,122.13965714285716
0,Diatoms,61.2,449987.86285714287
0,Diatoms,112.2,1712.2672000000002
0,Diatoms,40.8,2023.0000000000005
0,Diatoms,102.0,535.0628571428572
0,Diatoms,14.96,1082.2802285714283
0,Diatoms,13.6,6.605714285714285
0,Diatoms,32.9,53.212857142857125
0,Diatoms,1128.76,171558.4485142857
0,Diatoms,21.06,55.66679999999999
0,Diatoms,526.4,37149.8575
0,Diatoms,467.18,501.0011999999995
0,Diatoms,10.53,29789.888928571432
0,Diatoms,77.55,29472.389157142858
0,Diatoms,764.41,53663.77285714285
0,Diatoms,132.94,56964.90870000001
0,Diatoms,362.3,17622.21262857143
0,Diatoms,44.31,14445.377157142857
0,Diatoms,44.31,123713.9640142857
0,Diatoms,875.19,29473.68691428572
0,Diatoms,625.79,30374.63315714285
0,Diatoms,19.76,52.1157142857143
0,Diatoms,19.76,24.77841428571429
0,Diatoms,3095.99,1282527.6911999998
0,Diatoms,22.16,1349775.8384142856
0,Diatoms,105.4,892.7003571428575
0,Diatoms,39.52,620.0249142857141
0,Diatoms,10.98,0.17285714285714276
0,Diatoms,428.17,22315.250414285718
0,Diatoms,62.58,447.8400142857142
0,Diatoms,296.43,8951.4432
0,Diatoms,33.24,17.53805714285715
0,Diatoms,13.17,57.543557142857146
0,Diatoms,164.68,2008.4064142857146
0,Diatoms,88.63,826.2289285714288
0,Diatoms,26.35,24.816057142857147
0,Diatoms,16.47,13.944914285714292
0,Diatoms,32.94,18750.577728571432
0,Diatoms,230.55,7335.365714285716
0,Diatoms,75.75,750.0645142857142
0,Diatoms,42.82,223.23155714285716
0,Diatoms,61.94,502.35571428571427
0,Diatoms,65.87,16908.091557142856
0,Diatoms,66.47,0.05142857142857045
0,Diatoms,158.09,1047.7442285714283
0,Diatoms,33.24,101.46035714285715
0,Diatoms,33.24,17.53805714285715
0,Diatoms,36.23,104.22001428571427
0,Diatoms,13.17,75.96622857142854
0,Diatoms,23.23,146.46862857142852
0,Diatoms,13.17,14.457657142857144
0,Diatoms,185.83,9458.348014285712
0,Diatoms,55.25,2435.876628571429
0,Diatoms,23.06,65.48401428571428
0,Diatoms,92.22,3279.325728571428
0,Diatoms,185.83,1251.8331571428575
0,Diatoms,11.08,859.1432142857142
0,Diatoms,44.31,157.74755714285718
0,Diatoms,59.2849999999999,303.7463315714285
0,Diatoms,92.9159999999999,60433.12389728573
0,Diatoms,44.314,337.4506291428557
0,Diatoms,22.157,70.13323557142857
0,Diatoms,35.571,131.16437157142857
0,Diatoms,23.8,67.6425142857143
0,Diatoms,95.2,1116.3657142857144
0,Diatoms,40.8,422.76571428571435
0,Diatoms,17.0,80.91999999999997
0,Diatoms,16.32,14.862857142857141
0,Diatoms,66.47,512.2306285714285
0,Diatoms,10.98,12.435557142857144
0,Diatoms,16.47,27.324128571428563
0,Diatoms,44.31,70.15222857142855
0,Diatoms,13.17,1.5557142857142847
0,Diatoms,95.52,1163.580357142857
0,Diatoms,174.56,892.4745142857145
0,Diatoms,82.34,1214.9326285714285
0,Diatoms,55.39,103.75750000000002
0,Diatoms,36.23,52.44365714285716
0,Diatoms,408.0,10569.142857142857
0,Diatoms,40.8,165.14285714285714
0,Diatoms,68.0,535.0628571428572
0,Diatoms,85.0,41.285714285714285
0,Diatoms,306.0,6977.285714285715
0,Diatoms,523.6,34244.02285714286
0,Diatoms,13.6,16.910628571428568
0,Diatoms,136.0,2384.6628571428564
0,Diatoms,102.93,467.0789142857144
0,Diatoms,54.4,336.45155714285727
0,Diatoms,182.98,2361.830914285714
0,Diatoms,98.7,966.4375
0,Diatoms,16.45,4770.558228571429
0,Diatoms,17.46,31.376057142857146
0,Diatoms,365.59,34405.08035714286
0,Diatoms,46.11,14581.067199999996
0,Diatoms,11.08,8.669157142857143
0,Diatoms,26.35,36491.32401428571
0,Diatoms,55.39,120.47451428571428
0,Diatoms,44.31,17.50641428571429
0,Diatoms,131.74,2079.8336571428576
0,Diatoms,16.47,18.991557142857136
0,Diatoms,52.7,27825.85651428572
0,Diatoms,296.43,12001.032228571432
0,Diatoms,88.63,443.05372857142856
0,Diatoms,19.76,48.57622857142858
0,Diatoms,88.63,885.9375
0,Diatoms,131.74,1394.491428571429
0,Diatoms,13.17,24.816057142857147
0,Diatoms,88.63,631.1801285714286
0,Diatoms,11.08,859.1432142857142
0,Diatoms,11.08,0.2057142857142855
0,Diatoms,26.35,55.779657142857154
0,Diatoms,13.17,24.816057142857147
0,Diatoms,121.861999999999,438.3248091428571
0,Diatoms,39.52,215.72851428571434
0,Diatoms,88.63,885.9375
0,Diatoms,13.17,6.1852
0,Diatoms,46.11,74.78491428571428
0,Diatoms,184.16,4707.072914285715
0,Diatoms,116.15,660.7657285714284
0,Diatoms,131.74,34.72115714285716
0,Diatoms,55.39,387.77285714285716
0,Diatoms,121.86,631.1801285714286
0,Diatoms,30.97,1180.1417285714285
0,Diatoms,61.94,34.23291428571427
0,Diatoms,44.31,44.402414285714265
0,Diatoms,88.63,280.6089142857142
0,Diatoms,11.08,859.1432142857142
0,Diatoms,139.37,2351.189157142857
0,Diatoms,46.46,1233.181157142857
0,Diatoms,22.16,17.538057142857145
0,Diatoms,88.63,631.1801285714286
0,Diatoms,66.47,70.15222857142855
0,Diatoms,44.314,157.804528000001
0,Diatoms,11.0779999999999,0.2046869999999657
0,Diatoms,23.8,67.6425142857143
0,Diatoms,68.0,279.0914285714286
0,Diatoms,17.0,158702.2857142857
0,Diatoms,136.0,2023.0
0,Diatoms,34.0,1486.2857142857142
0,Diatoms,88.4,1088.0075571428574
0,Diatoms,19.04,214.6196571428571
0,Diatoms,10.2,11.163657142857144
0,Diatoms,29.61,446.8807000000001
0,Diatoms,34.0,2.7531571428571437
0,Diatoms,129.63,2232.8572
0,Diatoms,13.16,501.0012
0,Diatoms,47.38,593.9529142857142
0,Diatoms,203.98,3503.365714285714
0,Diatoms,254.8,7891.971657142858
0,Diatoms,46.11,6221.645157142857
0,Diatoms,85.63,2479.723214285714
0,Diatoms,39.52,303.73315714285707
0,Diatoms,310.2,12781.824914285715
0,Diatoms,33.24,70.1522285714286
0,Diatoms,23.06,55.83612857142857
0,Diatoms,29.64,1.5462999999999991
0,Diatoms,44.31,88.28851428571429
0,Diatoms,166.18,2793.204128571429
0,Diatoms,625.79,54772.662857142845
0,Diatoms,21.96,5829.720014285714
0,Diatoms,31.62,109.37555714285715
0,Diatoms,217.38,1978.0327
0,Diatoms,164.68,396.7557142857141
0,Diatoms,13.17,254.64691428571427
0,Diatoms,243.73,7593.987657142857
0,Diatoms,11.86,12.14405714285714
0,Diatoms,44.314,264.1060012857143
0,Diatoms,22.157,70.13323557142857
0,Diatoms,77.549,438.3248091428573
0,Diatoms,82.871,38.42754299999998
0,Diatoms,11.0779999999999,17.53489157142889
0,Diatoms,44.314,169.37592700000002
0,Diatoms,13.1739999999999,138.52851428571518
0,Diatoms,36.23,104.22001428571427
0,Diatoms,125.16,1129.7921285714287
0,Diatoms,332.35,10396.550414285719
0,Diatoms,136.0,2384.6628571428564
0,Diatoms,119.0,41.285714285714285
0,Diatoms,122.4,2023.0
0,Diatoms,54.4,412.2626285714286
0,Diatoms,13.6,49.95571428571426
0,Diatoms,11.44,35.48251428571429
0,Diatoms,109.23,1694.1728571428573
0,Diatoms,26.35,5035.1868
0,Diatoms,23.06,63.48091428571428
0,Diatoms,110.78,90.36035714285718
0,Diatoms,19.76,651.2786285714285
0,Diatoms,22.16,272.9377285714287
0,Diatoms,288.04,11053.28365714286
0,Diatoms,232.65,438.2931571428574
0,Diatoms,13.812,3816.1839091428096
0,Diatoms,66.47,405.84142857142854
0,Diatoms,110.78,698.8005142857143
0,Diatoms,44.31,631.1801285714286
0,Diatoms,65.87,66.40480000000001
0,Diatoms,88.63,74.00251428571423
0,Diatoms,23.8,59.451428571428586
0,Diatoms,74.8,371.57142857142856
1,Dinoflagellates,34.0,41.285714285714285
1,Dinoflagellates,32.94,68.26565714285714
1,Dinoflagellates,11.08,68.26565714285714
1,Dinoflagellates,132.94,1246.756628571428
1,Dinoflagellates,11.08,157.74755714285718
1,Dinoflagellates,22.157,70.13323557142857
1,Dinoflagellates,209.06,693.8137285714286
1,Dinoflagellates,61.94,3092.0420571428576
1,Dinoflagellates,33.2349999999999,17.53489157142889
1,Dinoflagellates,11.0779999999999,70.13323557142857
1,Dinoflagellates,22.157,17.53489157142889
1,Dinoflagellates,17.0,9289.285714285714
1,Dinoflagellates,10.2,10.321428571428571
1,Dinoflagellates,34.0,41.285714285714285
1,Dinoflagellates,27.2,6.605714285714287
1,Dinoflagellates,13.6,26.42285714285714
1,Dinoflagellates,10.2,1.6514285714285717
1,Dinoflagellates,71.4,535.0628571428572
1,Dinoflagellates,34.0,41.285714285714285
1,Dinoflagellates,34.31,61.27201428571429
1,Dinoflagellates,32.9,154.62999999999997
1,Dinoflagellates,32.9,68.07841428571427
1,Dinoflagellates,11.07,68.07841428571427
1,Dinoflagellates,22.16,50.86812857142858
1,Dinoflagellates,65.87,272.9377285714287
1,Dinoflagellates,32.94,154.91212857142864
1,Dinoflagellates,22.16,280.4823
1,Dinoflagellates,11.08,2.880014285714286
1,Dinoflagellates,49.4,209.77462857142856
1,Dinoflagellates,110.78,1121.9292
1,Dinoflagellates,11.08,3370.422857142857
1,Dinoflagellates,32.94,619.8367000000001
1,Dinoflagellates,65.87,154.91212857142864
1,Dinoflagellates,22.16,17.538057142857145
1,Dinoflagellates,185.83,1233.1811571428573
1,Dinoflagellates,11.08,70.1522285714286
1,Dinoflagellates,33.24,70.1522285714286
1,Dinoflagellates,46.46,101.84142857142857
1,Dinoflagellates,23.23,77.09041428571429
1,Dinoflagellates,204.0,5365.4914285714285
1,Dinoflagellates,17.0,26.42285714285714
1,Dinoflagellates,11.44,72.70765714285716
1,Dinoflagellates,32.94,154.91212857142864
1,Dinoflagellates,11.08,68.26565714285714
1,Dinoflagellates,16.47,4.150299999999999
1,Dinoflagellates,11.08,2.880014285714286
1,Dinoflagellates,22.16,226.06405714285714
1,Dinoflagellates,11.0779999999999,17.53489157142889
1,Dinoflagellates,22.157,17.53489157142889
1,Dinoflagellates,46.4579999999999,178.8206285714285
1,Dinoflagellates,10.2,6.605714285714284
1,Dinoflagellates,11.08,8.669157142857143
1,Dinoflagellates,17.0,26.42285714285714
1,Dinoflagellates,11.07,8.646914285714287
1,Dinoflagellates,22.16,11.545728571428572
1,Dinoflagellates,22.16,17.538057142857145
1,Dinoflagellates,44.31,25.422228571428583
1,Dinoflagellates,22.16,70.08892857142858
1,Dinoflagellates,23.23,56.80051428571429
1,Dinoflagellates,32.9,154.62999999999997
1,Dinoflagellates,11.0779999999999,17.53489157142889
1,Dinoflagellates,102.0,660.5714285714286
1,Dinoflagellates,170.0,660.5714285714286
1,Dinoflagellates,680.0,37157.142857142855
1,Dinoflagellates,272.0,2023.0
1,Dinoflagellates,34.0,8092.0
1,Dinoflagellates,17.0,199.82285714285715
1,Dinoflagellates,34.0,41.285714285714285
1,Dinoflagellates,27.2,90.43222857142858
1,Dinoflagellates,51.0,80.92
1,Dinoflagellates,34.0,105.69142857142856
1,Dinoflagellates,10.2,80.92
1,Dinoflagellates,523.6,17181.46285714286
1,Dinoflagellates,153.0,19620.62285714286
1,Dinoflagellates,34.0,26.422857142857147
1,Dinoflagellates,17.0,41.285714285714285
1,Dinoflagellates,34.0,41.285714285714285
1,Dinoflagellates,608.64,51012.84355714284
1,Dinoflagellates,115.15,34790.34001428571
1,Dinoflagellates,19.74,24.740799999999997
1,Dinoflagellates,11.07,10.738414285714281
1,Dinoflagellates,32.9,68.07841428571427
1,Dinoflagellates,32.9,351.4514285714286
1,Dinoflagellates,98.7,618.5200000000002
1,Dinoflagellates,46.11,81.94321428571428
1,Dinoflagellates,11.08,4.150299999999999
1,Dinoflagellates,33.24,70.1522285714286
1,Dinoflagellates,105.4,743.8665142857143
1,Dinoflagellates,37.17,32.18572857142858
1,Dinoflagellates,65.87,117.67000000000003
1,Dinoflagellates,11.08,428.8491571428572
1,Dinoflagellates,77.55,719.331657142857
1,Dinoflagellates,88.63,554.1140571428571
1,Dinoflagellates,82.34,348.62285714285724
1,Dinoflagellates,11.08,725.4268000000001
1,Dinoflagellates,22.16,34.632128571428574
1,Dinoflagellates,32.94,16.601199999999995
1,Dinoflagellates,55.39,72.00035714285715
1,Dinoflagellates,66.47,17.538057142857138
1,Dinoflagellates,72.46,619.8366999999998
1,Dinoflagellates,44.31,70.08892857142858
1,Dinoflagellates,98.81,154.91212857142864
1,Dinoflagellates,131.74,2479.723214285714
1,Dinoflagellates,65.87,619.8367000000001
1,Dinoflagellates,74.33,388.81555714285713
1,Dinoflagellates,11.0779999999999,17.53489157142889
1,Dinoflagellates,46.4579999999999,84.36265728571358
1,Dinoflagellates,110.78,909.9480142857144
1,Dinoflagellates,11.08,8.669157142857143
1,Dinoflagellates,55.39,147.75222857142853
1,Dinoflagellates,46.46,227.08812857142863
1,Dinoflagellates,11.0779999999999,157.804528000001
1,Dinoflagellates,34.0,105.69142857142856
1,Dinoflagellates,11.07,427.91041428571424
1,Dinoflagellates,11.08,17.538057142857145
1,Dinoflagellates,46.46,178.8206285714286
1,Dinoflagellates,22.16,11.545728571428572
1,Dinoflagellates,11.0779999999999,15.507937285713984
2,Coccolithophores,16.45,38.65749999999999
2,Coccolithophores,33.24,70.1522285714286
2,Coccolithophores,11.08,0.2057142857142855
2,Coccolithophores,68.0,596.1657142857141
2,Coccolithophores,17.0,26.42285714285714
2,Coccolithophores,13.6,19.09051428571428
2,Coccolithophores,11.9,0.4128571428571425
2,Coccolithophores,68.0,41.285714285714285
2,Coccolithophores,37.4,152.19565714285713
2,Coccolithophores,13.16,24.7408
2,Coccolithophores,22.13,50.706514285714285
2,Coccolithophores,44.27,66.22012857142853
2,Coccolithophores,23.03,64.44822857142859
2,Coccolithophores,32.9,13.916699999999993
2,Coccolithophores,11.07,8.646914285714287
2,Coccolithophores,105.28,1267.9320142857146
2,Coccolithophores,26.32,890.6688000000003
2,Coccolithophores,65.8,303.0748
2,Coccolithophores,13.16,395.8528
2,Coccolithophores,19.74,25.88165714285716
2,Coccolithophores,72.38,395.8528
2,Coccolithophores,118.44,303.0748
2,Coccolithophores,13.16,13.916700000000004
2,Coccolithophores,55.39,216.39520000000002
2,Coccolithophores,131.74,2237.5032142857144
2,Coccolithophores,184.16,392.5509142857141
2,Coccolithophores,66.47,512.2306285714285
2,Coccolithophores,131.74,608.5961285714287
2,Coccolithophores,22.16,1715.396628571429
2,Coccolithophores,132.94,2280.6175
2,Coccolithophores,77.55,438.2931571428571
2,Coccolithophores,247.78,4139.750414285715
2,Coccolithophores,13.17,7863.121728571429
2,Coccolithophores,13.17,6.1852
2,Coccolithophores,92.92,956.8265142857143
2,Coccolithophores,77.55,17.538057142857138
2,Coccolithophores,66.47,17.538057142857138
2,Coccolithophores,61.94,2.9315571428571445
2,Coccolithophores,19.76,254.1646285714285
2,Coccolithophores,110.78,1183.520057142857
2,Coccolithophores,144.02,157.84251428571437
2,Coccolithophores,110.78,157.84251428571437
2,Coccolithophores,22.16,157.74755714285718
2,Coccolithophores,11.08,17.538057142857145
2,Coccolithophores,65.87,19.488914285714262
2,Coccolithophores,110.78,288.12972857142853
2,Coccolithophores,288.04,4488.729657142858
2,Coccolithophores,115.28,4263.716800000001
2,Coccolithophores,65.87,348.76401428571427
2,Coccolithophores,110.78,631.1801285714286
2,Coccolithophores,22.16,1121.9292
2,Coccolithophores,99.71,859.1432142857142
2,Coccolithophores,33.24,631.1801285714286
2,Coccolithophores,11.08,6881.011557142857
2,Coccolithophores,77.55,2121.4085142857143
2,Coccolithophores,44.31,157.84251428571423
2,Coccolithophores,110.78,1420.0128571428572
2,Coccolithophores,55.39,157.74755714285718
2,Coccolithophores,66.47,17.538057142857138
2,Coccolithophores,263.49,5545.268628571429
2,Coccolithophores,19.76,6.204014285714289
2,Coccolithophores,11.08,0.2057142857142855
2,Coccolithophores,33.24,614.203557142857
2,Coccolithophores,55.39,70.08892857142857
2,Coccolithophores,98.81,269.3280571428572
2,Coccolithophores,33.24,614.203557142857
2,Coccolithophores,118.57,1040.1726999999996
2,Coccolithophores,11.08,1650.5857285714285
2,Coccolithophores,13.17,0.6240142857142856
2,Coccolithophores,52.7,223.23155714285716
2,Coccolithophores,13.17,13.973157142857138
2,Coccolithophores,13.17,6.1852
2,Coccolithophores,22.16,11.545728571428572
2,Coccolithophores,132.94,1753.1726285714285
2,Coccolithophores,66.47,631.1801285714286
2,Coccolithophores,13.17,405.84142857142854
2,Coccolithophores,26.35,55.779657142857154
2,Coccolithophores,164.68,2733.598414285715
2,Coccolithophores,110.78,415.0300000000001
2,Coccolithophores,11.08,4.150299999999999
2,Coccolithophores,32.94,68.26565714285714
2,Coccolithophores,132.94,2401.3032142857146
2,Coccolithophores,395.23,21577.292800000003
2,Coccolithophores,98.81,12552.11662857143
2,Coccolithophores,19.76,24.77841428571429
2,Coccolithophores,16.47,13.944914285714281
2,Coccolithophores,14.49,8.915714285714285
2,Coccolithophores,33.24,77.95565714285713
2,Coccolithophores,65.87,524.6228571428572
2,Coccolithophores,26.35,223.11862857142862
2,Coccolithophores,22.16,50.86812857142858
2,Coccolithophores,33.24,17.50641428571429
2,Coccolithophores,49.4,37.30651428571427
2,Coccolithophores,88.63,219.85612857142854
2,Coccolithophores,39.52,344.54172857142845
2,Coccolithophores,44.31,3.2777285714285704
2,Coccolithophores,26.35,6.781728571428572
2,Coccolithophores,55.39,120.47451428571428
2,Coccolithophores,22.157,17.53172628571397
2,Coccolithophores,46.4579999999999,299.64977157142727
2,Coccolithophores,11.078,178.8206285714275
2,Coccolithophores,66.47,438.3248091428571
2,Coccolithophores,46.11,286.5920142857143
2,Coccolithophores,33.24,101.46035714285715
2,Coccolithophores,22.16,21.54262857142857
2,Coccolithophores,33.24,17.53805714285715
2,Coccolithophores,44.31,17.50641428571429
2,Coccolithophores,23.23,508.1328
2,Coccolithophores,16.47,6.528228571428575
2,Coccolithophores,44.31,169.34641428571427
2,Coccolithophores,11.08,157.74755714285718
2,Coccolithophores,123.89,1818.0137285714286
2,Coccolithophores,23.23,28.08005714285714
2,Coccolithophores,11.08,8.669157142857143
2,Coccolithophores,13.17,0.6240142857142856
2,Coccolithophores,21.41,9.699657142857143
2,Coccolithophores,11.08,15.510914285714284
2,Coccolithophores,22.16,17.538057142857145
2,Coccolithophores,26.35,2.5080142857142875
2,Coccolithophores,22.16,17.538057142857145
2,Coccolithophores,26.349,89.51443200000001
2,Coccolithophores,278.747,7708.311360142864
2,Coccolithophores,22.157,9405.48972857143
2,Coccolithophores,139.374,1962.8321555714285
2,Coccolithophores,22.157,1962.8321555714285
2,Coccolithophores,16.468,4.623531571428572
2,Coccolithophores,33.2349999999999,40.161755571428095
2,Coccolithophores,44.314,169.37592700000002
2,Coccolithophores,17.0,14.862857142857141
2,Coccolithophores,16.47,4.150299999999999
2,Coccolithophores,32.94,99.18892857142855
2,Coccolithophores,22.16,16.601199999999995
2,Coccolithophores,46.46,178.8206285714286
2,Coccolithophores,46.4579999999999,178.8206285714285
2,Coccolithophores,110.78,730057.5406285713
2,Coccolithophores,88.63,14.80462857142859
2,Coccolithophores,1238.4,752832.1817285715
2,Coccolithophores,32.94,207590.54451428572
2,Coccolithophores,494.04,15496.858514285716
2,Coccolithophores,11.0779999999999,38730.409889285744
2,Coccolithophores,30.6,3.715714285714288
2,Coccolithophores,21.76,11.163657142857144
2,Coccolithophores,19.72,0.5945142857142872
2,Coccolithophores,74.8,660.5714285714286
2,Coccolithophores,36.04,214.6196571428571
2,Coccolithophores,23.8,21.402514285714282
2,Coccolithophores,884.0,105706.29142857144
2,Coccolithophores,170.0,72828.0
2,Coccolithophores,85.0,1032.142857142857
2,Coccolithophores,17.0,4.227657142857142
2,Coccolithophores,33.32,38.04891428571428
2,Coccolithophores,35.36,0.5945142857142852
2,Coccolithophores,23.8,19.09051428571428
2,Coccolithophores,40.8,41.28571428571427
2,Coccolithophores,54.4,26.422857142857147
2,Coccolithophores,40.8,26.422857142857147
2,Coccolithophores,34.0,6.60571428571428
2,Coccolithophores,17.0,41.285714285714285
2,Coccolithophores,68.0,477.2628571428571
2,Coccolithophores,1564.0,334414.28571428574
2,Coccolithophores,6953.0,4148760.1428571427
2,Coccolithophores,51.0,6805372.0
2,Coccolithophores,34.0,41.285714285714285
2,Coccolithophores,27.2,6.605714285714287
2,Coccolithophores,68.0,237.80571428571426
2,Coccolithophores,22.67,293.5441285714286
2,Coccolithophores,81.6,496.10641428571415
2,Coccolithophores,10.88,714.4740571428572
2,Coccolithophores,115.6,1566.6111999999998
2,Coccolithophores,98.6,41.285714285714285
2,Coccolithophores,17.0,951.222857142857
2,Coccolithophores,42.84,95.38651428571431
2,Coccolithophores,45.9,1.3376571428571384
2,Coccolithophores,36.72,12.038914285714284
2,Coccolithophores,34.0,1.0569142857142848
2,Coccolithophores,51.0,41.285714285714285
2,Coccolithophores,34.0,41.285714285714285
2,Coccolithophores,27.2,6.605714285714287
2,Coccolithophores,17.0,14.862857142857141
2,Coccolithophores,85.0,660.5714285714286
2,Coccolithophores,204.0,2023.0
2,Coccolithophores,51.0,3344.1428571428573
2,Coccolithophores,10302.0,15011857.285714285
2,Coccolithophores,68.0,14962108.0
2,Coccolithophores,187.0,2023.0
2,Coccolithophores,340.0,3344.1428571428573
2,Coccolithophores,85.0,9289.285714285714
2,Coccolithophores,34.0,371.57142857142856
2,Coccolithophores,13.6,59.451428571428565
2,Coccolithophores,255.0,8324.851428571428
2,Coccolithophores,387.6,2511.822857142858
2,Coccolithophores,29.24,18345.98422857143
2,Coccolithophores,16.32,23.846628571428564
2,Coccolithophores,69.7,407.0606285714286
2,Coccolithophores,37.4,149.0414285714286
2,Coccolithophores,21.08,38.04891428571428
2,Coccolithophores,32.3,17.98405714285714
2,Coccolithophores,33.32,0.14862857142857236
2,Coccolithophores,28.22,3.715714285714288
2,Coccolithophores,48.28,57.48622857142858
2,Coccolithophores,30.6,44.654628571428574
2,Coccolithophores,32.64,0.5945142857142852
2,Coccolithophores,30.6,0.5945142857142852
2,Coccolithophores,74.8,279.09142857142854
2,Coccolithophores,17.0,41.285714285714285
2,Coccolithophores,40.8,80.91999999999997
2,Coccolithophores,272.0,7636.205714285714
2,Coccolithophores,76.5,5460.035714285715
2,Coccolithophores,10.2,627.9557142857142
2,Coccolithophores,102.0,1203.8914285714286
2,Coccolithophores,50.32,381.54605714285714
2,Coccolithophores,176.8,2285.312914285715
2,Coccolithophores,56.1,2081.2128571428575
2,Coccolithophores,40.8,33.44142857142859
2,Coccolithophores,157.08,1931.5769142857148
2,Coccolithophores,23.8,1.9982285714285735
2,Coccolithophores,19.72,2.378057142857145
2,Coccolithophores,27.2,7.992914285714287
2,Coccolithophores,40.8,26.422857142857136
2,Coccolithophores,51.0,14.862857142857152
2,Coccolithophores,46.92,2.378057142857141
2,Coccolithophores,19.04,111.04205714285716
2,Coccolithophores,23.8,59.451428571428586
2,Coccolithophores,629.0,52323.86285714286
2,Coccolithophores,238.0,7636.205714285714
2,Coccolithophores,18.36,6891.675657142856
2,Coccolithophores,71.4,401.89165714285724
2,Coccolithophores,37.4,165.1428571428572
2,Coccolithophores,26.18,17.98405714285714
2,Coccolithophores,23.8,0.8091999999999994
2,Coccolithophores,16.32,12.947199999999999
2,Coccolithophores,88.4,133.76571428571424
2,Coccolithophores,286.28,5593.784914285713
2,Coccolithophores,30.6,9338.894628571428
2,Coccolithophores,63.92,158.60320000000002
2,Coccolithophores,35.02,119.31571428571428
2,Coccolithophores,114.24,896.5440571428571
2,Coccolithophores,65.28,342.4402285714285
2,Coccolithophores,74.8,12.94719999999999
2,Coccolithophores,51.0,80.91999999999997
2,Coccolithophores,34.0,41.285714285714285
2,Coccolithophores,13.6,59.451428571428565
2,Coccolithophores,10.2,1.6514285714285717
2,Coccolithophores,85.0,799.2914285714286
2,Coccolithophores,20.4,26.422857142857136
2,Coccolithophores,11.9,3.7157142857142866
2,Coccolithophores,68.0,449.6014285714286
2,Coccolithophores,21.76,305.4482285714285
2,Coccolithophores,139.4,1977.0242285714285
2,Coccolithophores,85.68,412.2626285714286
2,Coccolithophores,55.08,133.76571428571435
2,Coccolithophores,28.22,103.06565714285715
2,Coccolithophores,46.24,46.38862857142858
2,Coccolithophores,56.44,14.862857142857129
2,Coccolithophores,23.8,152.19565714285713
2,Coccolithophores,26.52,1.0569142857142848
2,Coccolithophores,29.92,1.6514285714285735
2,Coccolithophores,47.6,44.654628571428574
2,Coccolithophores,68.0,59.451428571428565
2,Coccolithophores,17.0,371.57142857142856
2,Coccolithophores,54.4,105.69142857142856
2,Coccolithophores,20.4,165.14285714285714
2,Coccolithophores,129.2,1691.0628571428567
2,Coccolithophores,265.2,2642.285714285714
2,Coccolithophores,34.0,7636.205714285714
2,Coccolithophores,81.6,323.6799999999999
2,Coccolithophores,61.2,59.451428571428515
2,Coccolithophores,11.44,353.72251428571434
2,Coccolithophores,22.87,36.89212857142858
2,Coccolithophores,34.0,72.70765714285716
2,Coccolithophores,13.6,59.451428571428565
2,Coccolithophores,13.6,1.9875571428571435
2,Coccolithophores,19.74,5.3856571428571405
2,Coccolithophores,46.72,10.46765714285715
2,Coccolithophores,25.99,61.39041428571429
2,Coccolithophores,24.68,0.24515714285714238
2,Coccolithophores,33.23,87.01462857142853
2,Coccolithophores,41.45,9.652628571428584
2,Coccolithophores,44.09,0.9956571428571434
2,Coccolithophores,23.69,59.451428571428586
2,Coccolithophores,63.17,222.66720000000007
2,Coccolithophores,101.99,215.2846285714285
2,Coccolithophores,53.74,332.580357142857
2,Coccolithophores,76.99,77.22321428571423
2,Coccolithophores,71.72,3.9675571428571366
2,Coccolithophores,203.98,2498.958228571428
2,Coccolithophores,44.27,3643.8977285714277
2,Coccolithophores,33.2,17.50641428571429
2,Coccolithophores,16.45,38.65749999999999
2,Coccolithophores,32.9,38.65749999999999
2,Coccolithophores,65.8,154.62999999999997
2,Coccolithophores,32.9,154.62999999999997
2,Coccolithophores,11.07,68.07841428571427
2,Coccolithophores,414.54,23393.972700000002
2,Coccolithophores,19.74,22266.72
2,Coccolithophores,121.73,1485.9943000000003
2,Coccolithophores,98.7,75.7687
2,Coccolithophores,111.86,24.740799999999986
2,Coccolithophores,151.34,222.66720000000007
2,Coccolithophores,26.32,2232.8572000000004
2,Coccolithophores,78.96,395.85279999999995
2,Coccolithophores,46.06,154.6299999999999
2,Coccolithophores,61.85,508.4736571428572
2,Coccolithophores,37.51,84.63365714285716
2,Coccolithophores,29.61,8.915714285714282
2,Coccolithophores,42.11,22.321428571428573
2,Coccolithophores,38.16,2.2289285714285745
2,Coccolithophores,108.57,708.2240142857142
2,Coccolithophores,154.63,303.0748
2,Coccolithophores,105.28,347.9174999999999
2,Coccolithophores,72.38,154.63000000000005
2,Coccolithophores,95.41,75.7687
2,Coccolithophores,59.22,187.10229999999999
2,Coccolithophores,65.8,6.1851999999999965
2,Coccolithophores,29.61,187.10229999999999
2,Coccolithophores,65.8,187.10229999999999
2,Coccolithophores,39.48,98.9632
2,Coccolithophores,26.32,24.740799999999986
2,Coccolithophores,16.45,4.134914285714284
2,Coccolithophores,11.07,4.134914285714284
2,Coccolithophores,92.12,1045.2988
2,Coccolithophores,21.71,708.2240142857142
2,Coccolithophores,113.51,1203.8914285714288
2,Coccolithophores,233.59,2059.8866285714284
2,Coccolithophores,76.77,3513.216057142857
2,Coccolithophores,104.18,107.32972857142865
2,Coccolithophores,51.65,394.2001285714287
2,Coccolithophores,40.47,17.856057142857143
2,Coccolithophores,44.74,2.604700000000004
2,Coccolithophores,104.95,517.8920142857143
2,Coccolithophores,72.38,151.54355714285722
2,Coccolithophores,128.31,446.8807000000001
2,Coccolithophores,52.7,816.6960142857142
2,Coccolithophores,12.52,230.63320000000007
2,Coccolithophores,30.63,63.48091428571428
2,Coccolithophores,34.58,2.2289285714285705
2,Coccolithophores,44.46,13.944914285714292
2,Coccolithophores,29.64,31.376057142857146
2,Coccolithophores,36.23,6.204014285714279
2,Coccolithophores,36.89,0.062228571428572126
2,Coccolithophores,46.11,12.14405714285714
2,Coccolithophores,79.05,155.00622857142852
2,Coccolithophores,11.08,659.9887
2,Coccolithophores,39.52,115.54765714285718
2,Coccolithophores,11.08,115.54765714285718
2,Coccolithophores,32.94,68.26565714285714
2,Coccolithophores,22.16,37.63041428571429
2,Coccolithophores,32.94,16.601199999999995
2,Coccolithophores,65.87,154.91212857142864
2,Coccolithophores,16.47,348.62285714285724
2,Coccolithophores,11.08,4.150299999999999
2,Coccolithophores,13.17,0.6240142857142856
2,Coccolithophores,461.11,28664.32051428571
2,Coccolithophores,736.64,10845.254414285711
2,Coccolithophores,395.23,16651.541157142852
2,Coccolithophores,922.21,39672.56005714286
2,Coccolithophores,533.57,21577.2928
2,Coccolithophores,132.94,22929.199557142863
2,Coccolithophores,1646.81,327400.3395571428
2,Coccolithophores,398.82,222497.00572857144
2,Coccolithophores,36.23,18781.64401428571
2,Coccolithophores,22.16,28.28069999999999
2,Coccolithophores,33.24,17.53805714285715
2,Coccolithophores,61.94,117.66999999999996
2,Coccolithophores,13.17,339.7875571428571
2,Coccolithophores,59.29,303.8649142857143
2,Coccolithophores,39.52,55.83612857142855
2,Coccolithophores,16.47,75.90035714285717
2,Coccolithophores,30.96,29.99430000000001
2,Coccolithophores,41.5,15.87022857142857
2,Coccolithophores,30.3,17.919999999999998
2,Coccolithophores,46.11,35.70801428571428
2,Coccolithophores,32.94,24.77841428571429
2,Coccolithophores,52.7,55.77965714285717
2,Coccolithophores,72.46,55.77965714285709
2,Coccolithophores,71.47,0.14001428571428426
2,Coccolithophores,61.26,14.892014285714287
2,Coccolithophores,105.51,279.7232142857144
2,Coccolithophores,54.02,378.7457285714286
2,Coccolithophores,115.28,536.1125142857143
2,Coccolithophores,11.08,1551.0914285714287
2,Coccolithophores,22.16,17.538057142857145
2,Coccolithophores,26.35,2.5080142857142875
2,Coccolithophores,61.94,226.06405714285714
2,Coccolithophores,11.08,97.24115714285718
2,Coccolithophores,44.31,138.5285142857143
2,Coccolithophores,4630.77,3005087.9045142857
2,Coccolithophores,3434.31,204502.36165714305
2,Coccolithophores,39.52,1646371.3062999998
2,Coccolithophores,46.11,6.204014285714279
2,Coccolithophores,54.67,10.46765714285715
2,Coccolithophores,37.55,41.8706285714286
2,Coccolithophores,50.5,23.95750000000001
2,Coccolithophores,59.29,11.03772857142857
2,Coccolithophores,42.16,41.91955714285716
2,Coccolithophores,66.53,84.84241428571431
2,Coccolithophores,81.02,29.994299999999978
2,Coccolithophores,71.8,12.14405714285714
2,Coccolithophores,74.11,0.7623000000000015
2,Coccolithophores,98.81,87.15571428571431
2,Coccolithophores,154.8,447.84001428571446
2,Coccolithophores,85.63,683.4984142857146
2,Coccolithophores,33.24,392.10172857142845
2,Coccolithophores,22.16,17.53805714285715
2,Coccolithophores,37.17,32.18572857142858
2,Coccolithophores,33.24,152.1024142857143
2,Coccolithophores,44.31,157.74755714285718
2,Coccolithophores,66.47,70.15222857142855
2,Coccolithophores,354.51,11852.434514285711
2,Coccolithophores,77.55,10958.120228571426
2,Coccolithophores,39.52,206.61155714285707
2,Coccolithophores,14.82,87.15571428571431
2,Coccolithophores,110.78,1315.4745142857143
2,Coccolithophores,461.11,17533.015557142862
2,Coccolithophores,365.59,1303.4386285714297
2,Coccolithophores,3046.56,1026800.0201285713
2,Coccolithophores,470.99,947651.5464142855
2,Coccolithophores,461.11,13.944914285714272
2,Coccolithophores,32.94,26189.93555714286
2,Coccolithophores,46.11,24.77841428571429
2,Coccolithophores,19.76,99.18892857142855
2,Coccolithophores,46.11,99.18892857142855
2,Coccolithophores,26.35,55.779657142857126
2,Coccolithophores,48.09,67.51822857142858
2,Coccolithophores,20.42,109.37555714285715
2,Coccolithophores,50.72,131.15571428571425
2,Coccolithophores,34.03,39.79372857142856
2,Coccolithophores,82.34,333.40801428571433
2,Coccolithophores,55.99,99.18892857142859
2,Coccolithophores,27.67,114.57462857142858
2,Coccolithophores,75.75,330.24091428571427
2,Coccolithophores,55.99,55.779657142857126
2,Coccolithophores,35.57,59.56805714285715
2,Coccolithophores,44.79,12.14405714285714
2,Coccolithophores,33.24,19.057499999999994
2,Coccolithophores,22.16,17.53805714285715
2,Coccolithophores,44.31,70.08892857142858
2,Coccolithophores,22.16,70.08892857142858
2,Coccolithophores,13.17,11.545728571428572
2,Coccolithophores,33.24,57.543557142857146
2,Coccolithophores,44.31,17.50641428571429
2,Coccolithophores,52.7,10.056014285714287
2,Coccolithophores,32.94,55.77965714285717
2,Coccolithophores,66.47,149.41080000000005
2,Coccolithophores,131.74,608.5961285714287
2,Coccolithophores,164.68,155.00622857142852
2,Coccolithophores,22.16,2901.7072000000003
2,Coccolithophores,44.31,70.08892857142858
2,Coccolithophores,11.08,157.74755714285718
2,Coccolithophores,49.4,209.77462857142856
2,Coccolithophores,44.31,3.7011571428571375
2,Coccolithophores,98.81,424.32142857142856
2,Coccolithophores,164.68,619.8367000000001
2,Coccolithophores,65.87,1394.7737285714286
2,Coccolithophores,98.81,155.00622857142852
2,Coccolithophores,33.24,614.203557142857
2,Coccolithophores,32.94,0.012857142857143223
2,Coccolithophores,185.83,3339.336014285715
2,Coccolithophores,77.55,1674.9369142857147
2,Coccolithophores,310.2,7732.288928571427
2,Coccolithophores,243.73,631.1801285714286
2,Coccolithophores,675.78,26666.743214285707
2,Coccolithophores,553.92,2121.408514285715
2,Coccolithophores,177.25,20268.612699999994
2,Coccolithophores,92.22,1032.8715571428572
2,Coccolithophores,29.64,75.90035714285715
2,Coccolithophores,51.6,68.89165714285716
2,Coccolithophores,48.75,1.160357142857144
2,Coccolithophores,63.9,32.78892857142856
2,Coccolithophores,35.57,114.65555714285712
2,Coccolithophores,46.77,17.92000000000001
2,Coccolithophores,108.69,547.7266285714285
2,Coccolithophores,101.44,7.508928571428571
2,Coccolithophores,88.93,22.357157142857112
2,Coccolithophores,85.63,1.5557142857142965
2,Coccolithophores,61.26,84.84241428571427
2,Coccolithophores,55.99,3.9675571428571366
2,Coccolithophores,118.57,559.4651999999999
2,Coccolithophores,65.87,396.7557142857141
2,Coccolithophores,55.99,13.944914285714292
2,Coccolithophores,11.08,288.12972857142864
2,Coccolithophores,32.94,68.26565714285714
2,Coccolithophores,110.78,865.5808000000001
2,Coccolithophores,32.94,68.26565714285714
2,Coccolithophores,85.63,396.6051571428571
2,Coccolithophores,44.31,631.1801285714286
2,Coccolithophores,110.78,631.1801285714286
2,Coccolithophores,22.16,1121.9292
2,Coccolithophores,55.39,157.84251428571423
2,Coccolithophores,77.55,631.1801285714286
2,Coccolithophores,55.39,70.15222857142855
2,Coccolithophores,155.1,1420.2977285714283
2,Coccolithophores,1905.49,437695.0217285715
2,Coccolithophores,1362.64,42098.01749999998
2,Coccolithophores,144.02,212147.81491428576
2,Coccolithophores,29.64,1868.9692000000002
2,Coccolithophores,88.63,497.1171571428571
2,Coccolithophores,121.86,157.74755714285718
2,Coccolithophores,254.8,2524.720514285714
2,Coccolithophores,110.78,2963.108628571429
2,Coccolithophores,155.1,280.6089142857142
2,Coccolithophores,39.52,1908.3909142857137
2,Coccolithophores,177.25,2709.9361285714285
2,Coccolithophores,44.46,2519.0263
2,Coccolithophores,53.8,12.462228571428563
2,Coccolithophores,30.74,75.96622857142857
2,Coccolithophores,98.81,661.9321285714287
2,Coccolithophores,65.87,155.00622857142852
2,Coccolithophores,98.81,155.00622857142852
2,Coccolithophores,72.46,99.18892857142863
2,Coccolithophores,54.35,46.85315714285711
2,Coccolithophores,105.4,372.3003571428572
2,Coccolithophores,110.78,4.134914285714279
2,Coccolithophores,88.63,70.08892857142861
2,Coccolithophores,33.24,438.29315714285707
2,Coccolithophores,55.39,70.08892857142857
2,Coccolithophores,88.63,157.84251428571423
2,Coccolithophores,131.74,265.49601428571447
2,Coccolithophores,98.81,154.91212857142864
2,Coccolithophores,197.62,1394.7737285714286
2,Coccolithophores,19.76,24.77841428571429
2,Coccolithophores,52.7,155.00622857142852
2,Coccolithophores,155.1,1497.965714285714
2,Coccolithophores,51.05,1546.6289285714286
2,Coccolithophores,34.25,40.319999999999986
2,Coccolithophores,79.05,286.71999999999997
2,Coccolithophores,49.4,125.58892857142857
2,Coccolithophores,87.83,210.9807
2,Coccolithophores,42.82,289.41429999999997
2,Coccolithophores,65.87,75.90035714285717
2,Coccolithophores,164.68,1394.7737285714286
2,Coccolithophores,69.83,1285.2175000000002
2,Coccolithophores,69.17,0.062228571428570786
2,Coccolithophores,26.35,261.9360571428571
2,Coccolithophores,11.08,17.538057142857145
2,Coccolithophores,115.28,961.5087999999998
2,Coccolithophores,16.47,1394.7737285714286
2,Coccolithophores,98.81,968.5536571428572
2,Coccolithophores,32.94,619.8367000000001
2,Coccolithophores,65.87,154.91212857142864
2,Coccolithophores,197.62,5213.2087
2,Coccolithophores,329.36,2479.3468000000003
2,Coccolithophores,742.25,24354.021728571424
2,Coccolithophores,99.71,58979.6645142857
2,Coccolithophores,131.74,146.56012857142872
2,Coccolithophores,99.71,146.56012857142872
2,Coccolithophores,158.09,486.88920000000013
2,Coccolithophores,454.22,12527.568128571427
2,Coccolithophores,869.51,24637.969157142852
2,Coccolithophores,1291.1,25391.161157142848
2,Coccolithophores,237.14,158690.24022857143
2,Coccolithophores,29.64,6150.892857142857
2,Coccolithophores,36.23,6.204014285714279
2,Coccolithophores,40.62,2.7531571428571437
2,Coccolithophores,39.52,0.17285714285714107
2,Coccolithophores,51.05,18.991557142857122
2,Coccolithophores,63.68,22.788128571428583
2,Coccolithophores,48.75,31.843557142857144
2,Coccolithophores,71.36,73.0303
2,Coccolithophores,109.35,206.17715714285708
2,Coccolithophores,64.23,290.83062857142846
2,Coccolithophores,62.58,0.3889285714285741
2,Coccolithophores,63.68,0.1728571428571433
2,Coccolithophores,72.46,11.012628571428555
2,Coccolithophores,49.4,75.96622857142854
2,Coccolithophores,22.16,106.00251428571427
2,Coccolithophores,11.08,17.538057142857145
2,Coccolithophores,39.52,6.18520000000001
2,Coccolithophores,22.16,16.601199999999995
2,Coccolithophores,131.74,2121.408514285715
2,Coccolithophores,85.63,303.7331571428573
2,Coccolithophores,1692.92,369054.44915714284
2,Coccolithophores,526.98,194202.29765714286
2,Coccolithophores,52.7,32134.502628571434
2,Coccolithophores,22.16,133.24165714285718
2,Coccolithophores,11.08,17.538057142857145
2,Coccolithophores,33.24,70.1522285714286
2,Coccolithophores,72.46,219.74405714285703
2,Coccolithophores,64.77,8.448014285714281
2,Coccolithophores,19.76,289.41429999999986
2,Coccolithophores,42.82,75.96622857142857
2,Coccolithophores,65.87,75.90035714285717
2,Coccolithophores,23.06,261.8137285714286
2,Coccolithophores,77.4,421.8336571428572
2,Coccolithophores,41.72,181.86605714285722
2,Coccolithophores,37.88,2.106514285714282
2,Coccolithophores,113.63,819.7232142857143
2,Coccolithophores,102.1,18.991557142857147
2,Coccolithophores,79.05,75.90035714285713
2,Coccolithophores,72.46,6.204014285714292
2,Coccolithophores,102.1,125.50422857142858
2,Coccolithophores,85.63,38.75155714285713
2,Coccolithophores,46.11,223.1186285714285
2,Coccolithophores,44.31,0.46285714285714136
2,Coccolithophores,11.08,157.74755714285718
2,Coccolithophores,16.47,13.944914285714281
2,Coccolithophores,16.47,4.625157142857145
2,Coccolithophores,110.78,1270.6251571428572
2,Coccolithophores,108.69,0.6240142857142877
2,Coccolithophores,30.3,877.8560142857143
2,Coccolithophores,99.71,688.2497285714286
2,Coccolithophores,22.4,853.8337285714287
2,Coccolithophores,40.84,48.5762285714286
2,Coccolithophores,28.98,20.09422857142858
2,Coccolithophores,46.11,41.91955714285714
2,Coccolithophores,31.62,29.994299999999992
2,Coccolithophores,67.19,180.74641428571422
2,Coccolithophores,42.16,89.50012857142858
2,Coccolithophores,26.35,35.70801428571426
2,Coccolithophores,61.92,180.74641428571428
2,Coccolithophores,44.79,41.91955714285716
2,Coccolithophores,39.52,3.9675571428571366
2,Coccolithophores,56.65,41.91955714285712
2,Coccolithophores,55.99,0.062228571428570786
2,Coccolithophores,31.62,84.8424142857143
2,Coccolithophores,92.22,524.622857142857
2,Coccolithophores,57.97,167.58035714285714
2,Coccolithophores,43.48,29.99430000000001
2,Coccolithophores,11.08,4971.024514285714
2,Coccolithophores,66.47,570.2446285714285
2,Coccolithophores,32.94,99.18892857142855
2,Coccolithophores,14.49,8.915714285714285
2,Coccolithophores,221.57,6126.018057142856
2,Coccolithophores,886.27,63118.01285714287
2,Coccolithophores,121.86,83474.6640142857
2,Coccolithophores,19.76,13.944914285714288
2,Coccolithophores,69.17,348.76401428571427
2,Coccolithophores,256.9,5034.650414285713
2,Coccolithophores,335.95,892.7003571428575
2,Coccolithophores,75.75,9672.005714285713
2,Coccolithophores,34.25,246.03571428571428
2,Coccolithophores,42.82,10.492128571428571
2,Coccolithophores,80.36,201.3216571428571
2,Coccolithophores,57.31,75.90035714285713
2,Coccolithophores,33.6,80.30915714285716
2,Coccolithophores,105.4,736.4628571428574
2,Coccolithophores,67.85,201.4289285714287
2,Coccolithophores,83.0,32.7889285714286
2,Coccolithophores,31.62,377.1291999999999
2,Coccolithophores,47.43,35.70801428571428
2,Coccolithophores,92.22,286.5920142857143
2,Coccolithophores,55.99,187.51612857142854
2,Coccolithophores,69.17,24.816057142857144
2,Coccolithophores,76.41,7.488228571428562
2,Coccolithophores,115.28,215.83955714285722
2,Coccolithophores,75.75,223.23155714285716
2,Coccolithophores,54.02,67.45612857142855
2,Coccolithophores,55.33,0.24515714285714105
2,Coccolithophores,64.56,12.170414285714298
2,Coccolithophores,13.17,377.27601428571427
2,Coccolithophores,55.39,254.64691428571427
2,Coccolithophores,16.47,216.39520000000002
2,Coccolithophores,32.94,1394.491428571429
2,Coccolithophores,22.16,16.601199999999995
2,Coccolithophores,11.08,17.538057142857145
2,Coccolithophores,44.31,157.74755714285718
2,Coccolithophores,155.1,1753.4891571428568
2,Coccolithophores,110.78,280.6089142857142
2,Coccolithophores,85.63,130.63679999999997
2,Coccolithophores,131.74,2237.5032142857144
2,Coccolithophores,22.16,34.632128571428574
2,Coccolithophores,16.47,4.625157142857145
2,Coccolithophores,22.4,5.023557142857142
2,Coccolithophores,405.11,20923.84915714286
2,Coccolithophores,141.63,9917.387200000001
2,Coccolithophores,39.52,1489.4931571428567
2,Coccolithophores,106.71,644.9280142857142
2,Coccolithophores,645.55,41478.36365714284
2,Coccolithophores,52.7,50210.16035714284
2,Coccolithophores,11.08,247.4606285714286
2,Coccolithophores,49.4,209.77462857142856
2,Coccolithophores,102.1,396.7557142857142
2,Coccolithophores,59.94,253.9236571428571
2,Coccolithophores,48.75,17.88801428571428
2,Coccolithophores,75.75,104.14285714285714
2,Coccolithophores,65.87,13.944914285714272
2,Coccolithophores,75.75,13.944914285714272
2,Coccolithophores,34.25,246.03571428571428
2,Coccolithophores,31.62,0.9881285714285707
2,Coccolithophores,85.63,416.7257285714285
2,Coccolithophores,47.76,87.15571428571425
2,Coccolithophores,95.52,325.8596571428571
2,Coccolithophores,55.39,230.0595571428571
2,Coccolithophores,99.71,280.6089142857142
2,Coccolithophores,55.99,273.0626285714285
2,Coccolithophores,42.82,24.77841428571429
2,Coccolithophores,99.71,462.353157142857
2,Coccolithophores,22.16,17.538057142857145
2,Coccolithophores,33.24,17.53805714285715
2,Coccolithophores,11.08,70.1522285714286
2,Coccolithophores,11.08,15.510914285714284
2,Coccolithophores,32.94,80.37691428571428
2,Coccolithophores,19.76,24.816057142857126
2,Coccolithophores,385.35,4189.9982285714295
2,Coccolithophores,345.83,223.118628571429
2,Coccolithophores,125.16,6956.464128571427
2,Coccolithophores,232.65,1650.5857285714287
2,Coccolithophores,131.74,1454.6897285714283
2,Coccolithophores,108.69,75.90035714285723
2,Coccolithophores,88.93,55.77965714285709
2,Coccolithophores,72.46,38.75155714285721
2,Coccolithophores,42.16,131.15571428571425
2,Coccolithophores,26.35,35.70801428571426
2,Coccolithophores,19.76,6.204014285714286
2,Coccolithophores,92.22,750.0645142857142
2,Coccolithophores,22.4,696.4046285714285
2,Coccolithophores,48.75,99.18892857142859
2,Coccolithophores,46.11,0.9956571428571434
2,Coccolithophores,49.4,1.5462999999999991
2,Coccolithophores,65.87,38.75155714285717
2,Coccolithophores,132.94,642.6264142857142
2,Coccolithophores,16.47,1937.8944142857142
2,Coccolithophores,33.24,128.14321428571432
2,Coccolithophores,11.08,70.1522285714286
2,Coccolithophores,61.94,369.53422857142857
2,Coccolithophores,44.31,44.402414285714265
2,Coccolithophores,1152.15,175329.92365714288
2,Coccolithophores,408.83,78932.08891428575
2,Coccolithophores,511.04,1492.4120142857153
2,Coccolithophores,179.17,15733.9567
2,Coccolithophores,495.55,14299.472057142857
2,Coccolithophores,332.35,3804.891428571428
2,Coccolithophores,55.39,10958.12022857143
2,Coccolithophores,33.24,70.08892857142857
2,Coccolithophores,19.76,25.958628571428573
2,Coccolithophores,33.24,25.958628571428573
2,Coccolithophores,32.94,0.012857142857143223
2,Coccolithophores,66.47,160.6087
2,Coccolithophores,17.13,347.7765142857143
2,Coccolithophores,808.72,89516.38972857143
2,Coccolithophores,731.18,858.9216571428589
2,Coccolithophores,166.18,45603.57142857143
2,Coccolithophores,32.94,2536.128228571429
2,Coccolithophores,59.29,99.18892857142859
2,Coccolithophores,25.03,167.67822857142855
2,Coccolithophores,39.52,29.99430000000001
2,Coccolithophores,55.33,35.70801428571426
2,Coccolithophores,54.67,0.062228571428570786
2,Coccolithophores,61.26,6.204014285714279
2,Coccolithophores,55.33,5.023557142857142
2,Coccolithophores,64.555,12.157232142857167
2,Coccolithophores,46.1109999999999,48.597305142857714
2,Coccolithophores,34.254,20.084064142856807
2,Coccolithophores,23.714,15.87022857142857
2,Coccolithophores,52.698,120.01032228571431
2,Coccolithophores,99.706,315.6788662857143
2,Coccolithophores,44.314,438.3248091428572
2,Coccolithophores,88.6269999999999,280.52028128571294
2,Coccolithophores,44.314,280.52028128571294
2,Coccolithophores,44.793,0.032777285714285606
2,Coccolithophores,22.157,73.19835657142856
2,Coccolithophores,33.2349999999999,17.53172628571397
2,Coccolithophores,46.4579999999999,24.978247
2,Coccolithophores,66.47,57.21144914285771
2,Coccolithophores,96.683,130.4036241428572
2,Coccolithophores,44.314,391.7874515714287
2,Coccolithophores,22.157,70.13323557142857
2,Coccolithophores,22.157,70.13323557142857
2,Coccolithophores,66.47,280.5202812857143
2,Coccolithophores,44.314,70.12690514285713
2,Coccolithophores,332.351999999999,8485.982232142787
2,Coccolithophores,121.861999999999,6329.434300000001
2,Coccolithophores,99.706,70.12690514285079
2,Coccolithophores,121.864,70.1395662857143
2,Coccolithophores,299.117,4488.3751441428585
2,Coccolithophores,88.927,6311.405157142857
2,Coccolithophores,82.34,6.198367000000006
2,Coccolithophores,49.404,154.96858514285714
2,Coccolithophores,194.323,3000.2166515714293
2,Coccolithophores,34.254,3660.297823000001
2,Coccolithophores,23.714,15.87022857142857
2,Coccolithophores,36.23,22.378607999999993
2,Coccolithophores,28.98,7.508928571428564
2,Coccolithophores,47.43,48.62892857142857
2,Coccolithophores,55.33,8.915714285714282
2,Coccolithophores,75.75,59.56805714285715
2,Coccolithophores,82.34,6.204014285714292
2,Coccolithophores,40.84,246.03571428571428
2,Coccolithophores,81.02,230.63319999999993
2,Coccolithophores,85.63,3.036014285714285
2,Coccolithophores,65.87,155.00622857142852
2,Coccolithophores,22.16,17.538057142857145
2,Coccolithophores,44.31,70.08892857142858
2,Coccolithophores,92.92,715.2825142857145
2,Coccolithophores,92.92,1147.6481285714285
2,Coccolithophores,13.17,908.5803571428571
2,Coccolithophores,13.17,22.357157142857144
2,Coccolithophores,11.08,2.880014285714286
2,Coccolithophores,33.24,128.14321428571432
2,Coccolithophores,797.65,83474.6640142857
2,Coccolithophores,997.06,5680.621157142856
2,Coccolithophores,34.25,132429.01372857142
2,Coccolithophores,98.81,595.4276571428572
2,Coccolithophores,312.89,6547.178057142856
2,Coccolithophores,56.65,9379.848228571429
2,Coccolithophores,49.4,7.508928571428571
2,Coccolithophores,21.41,111.92001428571427
2,Coccolithophores,62.25,238.2722285714286
2,Coccolithophores,23.71,212.19022857142858
2,Coccolithophores,38.87,32.83222857142856
2,Coccolithophores,77.73,215.72851428571434
2,Coccolithophores,85.63,8.915714285714268
2,Coccolithophores,127.79,253.92365714285728
2,Coccolithophores,98.81,119.97720000000004
2,Coccolithophores,104.08,3.9675571428571366
2,Coccolithophores,158.09,416.72572857142865
2,Coccolithophores,184.44,99.18892857142852
2,Coccolithophores,82.34,1489.2014285714283
2,Coccolithophores,55.39,103.75750000000002
2,Coccolithophores,26.35,120.47451428571428
2,Coccolithophores,22.16,2.5080142857142875
2,Coccolithophores,33.24,117.66999999999996
2,Coccolithophores,77.55,280.48229999999995
2,Coccolithophores,44.31,157.84251428571423
2,Coccolithophores,69.69,522.5472
2,Coccolithophores,39.52,130.03269999999995
2,Coccolithophores,132.94,1246.756628571428
2,Coccolithophores,2562.43,843203.0942999999
2,Coccolithophores,326.07,714472.2927999998
2,Coccolithophores,105.4,6956.464128571427
2,Coccolithophores,66.47,216.50641428571436
2,Coccolithophores,138.48,740.7771571428569
2,Coccolithophores,92.22,305.7125142857141
2,Coccolithophores,35.57,458.4603571428571
2,Coccolithophores,42.82,7.508928571428571
2,Coccolithophores,27.67,32.78892857142856
2,Coccolithophores,30.96,1.5462999999999991
2,Coccolithophores,39.52,10.46765714285715
2,Coccolithophores,42.82,1.555714285714283
2,Coccolithophores,27.01,35.70801428571428
2,Coccolithophores,71.14,278.2081285714285
2,Coccolithophores,35.57,180.74641428571428
2,Coccolithophores,37.55,0.560057142857141
2,Coccolithophores,50.06,22.357157142857158
2,Coccolithophores,27.67,71.61601428571429
2,Coccolithophores,66.47,215.06285714285713
2,Coccolithophores,33.24,157.74755714285712
2,Coccolithophores,19.76,25.958628571428573
2,Coccolithophores,121.86,1489.2014285714283
2,Coccolithophores,22.16,1420.0128571428572
2,Coccolithophores,46.11,597.4584142857144
2,Coccolithophores,139.37,1242.4896571428574
2,Coccolithophores,22.16,17.538057142857145
2,Coccolithophores,39.52,43.05280000000001
2,Coccolithophores,37.17,0.7889285714285724
2,Coccolithophores,44.31,7.282800000000001
2,Coccolithophores,22.16,70.08892857142858
2,Coccolithophores,332.35,13745.405157142857
2,Coccolithophores,92.92,8189.532128571429
2,Coccolithophores,42.82,358.5728571428572
2,Coccolithophores,72.46,125.50422857142851
2,Coccolithophores,52.7,55.77965714285709
2,Coccolithophores,49.4,1.5557142857142898
2,Coccolithophores,59.29,13.973157142857145
2,Coccolithophores,39.52,55.83612857142855
2,Coccolithophores,26.35,24.77841428571429
2,Coccolithophores,17.13,12.14405714285715
2,Coccolithophores,50.063,154.94035557142863
2,Coccolithophores,67.19,41.90487557142855
2,Coccolithophores,99.706,151.04146514285722
2,Coccolithophores,82.34,43.08256514285714
2,Coccolithophores,72.459,13.947737285714286
2,Coccolithophores,69.1659999999999,1.5491212857143852
2,Coccolithophores,46.1109999999999,75.93328928571428
2,Coccolithophores,36.2299999999999,13.947737285714286
2,Coccolithophores,39.523,1.5491212857143852
2,Coccolithophores,44.314,3.2790972857142817
2,Coccolithophores,11.0779999999999,280.53294228571565
2,Coccolithophores,44.314,157.80452800000006
2,Coccolithophores,11.0779999999999,157.804528000001
2,Coccolithophores,92.9159999999999,956.779749142857
2,Coccolithophores,46.4579999999999,308.3351091428571
2,Coccolithophores,22.157,84.36265728571358
2,Coccolithophores,55.392,157.79503214285714
2,Coccolithophores,77.549,70.13323557142859
2,Coccolithophores,33.2349999999999,128.06621157142771
2,Coccolithophores,19.762,24.797232142857148
2,Coccolithophores,92.9159999999999,1147.4432691428544
2,Coccolithophores,185.830999999999,1233.3138892856903
2,Coccolithophores,46.4579999999999,2774.976161285678
2,Coccolithophores,243.724999999999,2338.3045491428943
2,Coccolithophores,214.085,125.50422857142004
2,Coccolithophores,443.136,7494.908657285715
2,Coccolithophores,332.351999999999,1753.2992365714606
2,Coccolithophores,1063.527,76373.84008928595
2,Coccolithophores,223.965,100694.90740628573
2,Coccolithophores,59.2849999999999,3874.2146285714343
2,Coccolithophores,65.872,6.198367000000194
2,Coccolithophores,166.175999999999,1437.2703451428283
2,Coccolithophores,77.549,1122.1064469999744
2,Coccolithophores,29.642,327.86866414285726
2,Coccolithophores,86.951,469.18878299999994
2,Coccolithophores,85.634,0.24778414285714026
2,Coccolithophores,50.722,174.12110628571426
2,Coccolithophores,57.968,7.500645142857147
2,Coccolithophores,59.285,0.24778414285714026
2,Coccolithophores,34.0,145.9202285714286
2,Coccolithophores,16.47,38.75155714285713
2,Coccolithophores,22.16,17.538057142857145
2,Coccolithophores,32.94,125.58892857142857
2,Coccolithophores,22.16,17.538057142857145
2,Coccolithophores,11.08,17.538057142857145
2,Coccolithophores,11.08,17.538057142857145
2,Coccolithophores,22.16,17.538057142857145
2,Coccolithophores,11.08,8.669157142857143
2,Coccolithophores,32.9,16.570414285714286
2,Coccolithophores,11.08,68.26565714285714
2,Coccolithophores,33.24,17.53805714285715
2,Coccolithophores,11.08,17.538057142857145
2,Coccolithophores,22.16,17.538057142857145
2,Coccolithophores,110.78,725.4267999999998
2,Coccolithophores,33.24,858.9216571428569
2,Coccolithophores,139.374,1962.8321555714285
2,Coccolithophores,77.549,631.1991201428591
2,Coccolithophores,10.2,12.947199999999999
2,Coccolithophores,22.16,34.632128571428574
2,Coccolithophores,33.24,17.53805714285715
2,Coccolithophores,30.97,87.7212
2,Coccolithophores,46.46,266.23555714285715
2,Coccolithophores,11.08,0.6240142857142856
2,Coccolithophores,44.314,1290.9148
2,Coccolithophores,22.157,70.13323557142857
2,Coccolithophores,55.392,157.79503214285714
2,Coccolithophores,11.0779999999999,280.53294228571565
2,Coccolithophores,17.0,14.862857142857141
2,Coccolithophores,102.0,1116.3657142857144
2,Coccolithophores,68.0,371.57142857142856
2,Coccolithophores,16.45,40.08035714285716
2,Coccolithophores,22.13,4.6089142857142855
2,Coccolithophores,32.9,16.570414285714286
2,Coccolithophores,32.9,125.2503
2,Coccolithophores,19.74,24.7408
2,Coccolithophores,26.32,6.185200000000004
2,Coccolithophores,22.13,2.5080142857142875
2,Coccolithophores,32.9,16.570414285714286
2,Coccolithophores,26.35,6.781728571428572
2,Coccolithophores,22.16,2.5080142857142875
2,Coccolithophores,16.47,4.625157142857145
2,Coccolithophores,13.17,11.545728571428572
2,Coccolithophores,22.16,34.632128571428574
2,Coccolithophores,11.08,17.538057142857145
2,Coccolithophores,11.08,2.880014285714286
2,Coccolithophores,22.16,17.538057142857145
2,Coccolithophores,199.41,2547.561657142857
2,Coccolithophores,33.24,3944.6384142857137
2,Coccolithophores,88.63,280.6089142857142
2,Coccolithophores,553.92,30927.826299999993
2,Coccolithophores,19.76,40760.98651428571
2,Coccolithophores,22.16,16.601199999999995
2,Coccolithophores,44.31,203.25691428571426
2,Coccolithophores,65.87,66.40480000000001
2,Coccolithophores,11.08,428.8491571428572
2,Coccolithophores,11.08,17.538057142857145
2,Coccolithophores,22.16,43.05280000000001
2,Coccolithophores,11.08,17.538057142857145
2,Coccolithophores,98.81,1357.7571571428575
2,Coccolithophores,19.76,24.77841428571429
2,Coccolithophores,197.62,4519.168514285715
2,Coccolithophores,11.08,11.829999999999998
2,Coccolithophores,11.08,8.669157142857143
2,Coccolithophores,55.39,280.4823
2,Coccolithophores,46.46,11.392128571428572
2,Coccolithophores,123.89,856.4864142857144
2,Coccolithophores,11.08,1818.0137285714286
2,Coccolithophores,22.157,280.5202812857143
2,Coccolithophores,60.93,355.0032142857143
2,Coccolithophores,44.31,169.34641428571427
2,Coccolithophores,88.63,885.9375
2,Coccolithophores,22.16,631.1801285714286
2,Coccolithophores,37.17,32.18572857142858
2,Coccolithophores,30.97,5.491428571428576
2,Coccolithophores,46.46,11.392128571428572
2,Coccolithophores,11.0779999999999,17.53489157142889
2,Coccolithophores,33.2349999999999,128.06621157142771
2,Coccolithophores,10.54,12.151961285714282
